"","psraid","age","race","sex","inc","cable1","q5f","q5d","date2a","game1","game3a","job5d","snsjob2a","ideo"
"1",100006,47,1,2,99,1,NA,NA,2,2,2,NA,2,1
"2",100009,63,2,2,6,1,1,2,2,1,1,NA,NA,3
"3",100011,86,1,2,3,1,2,2,NA,9,2,NA,NA,1
"4",100039,40,1,2,6,1,1,2,2,2,1,1,2,2
"5",100040,65,1,2,3,1,NA,NA,NA,1,2,NA,2,1
"6",100043,69,1,2,8,1,NA,NA,2,2,2,1,2,3
"7",100049,72,1,1,99,1,NA,NA,NA,2,1,NA,NA,1
"8",100051,70,1,1,7,1,NA,NA,NA,2,1,NA,NA,2
"9",100058,77,1,1,6,1,1,1,2,2,2,NA,2,5
"10",100059,73,1,1,3,1,NA,NA,NA,2,2,NA,NA,4
"11",100060,81,1,2,99,1,NA,NA,2,2,2,NA,NA,3
"12",100065,77,1,2,99,1,NA,NA,NA,1,2,NA,2,3
"13",100067,52,1,1,8,1,NA,NA,2,1,2,2,2,2
"14",100079,74,1,2,6,1,NA,NA,2,1,2,NA,2,2
"15",100080,43,1,2,98,1,1,1,2,1,1,1,1,3
"16",100084,44,1,2,7,1,1,1,2,2,1,1,2,2
"17",100091,68,1,1,4,1,1,1,2,2,8,NA,NA,2
"18",100096,87,2,1,4,1,2,2,NA,2,1,NA,NA,4
"19",100102,68,1,2,99,1,2,2,NA,2,1,NA,2,4
"20",100118,58,1,1,7,1,2,1,2,2,1,1,2,3
"21",100129,31,5,2,2,2,NA,NA,NA,1,1,1,1,3
"22",100134,85,1,1,6,1,NA,NA,NA,2,2,NA,NA,3
"23",100141,93,1,2,1,1,NA,NA,NA,2,1,NA,NA,4
"24",100142,57,1,1,6,1,1,2,NA,2,2,1,NA,1
"25",100143,70,1,1,9,1,2,2,NA,2,8,NA,NA,4
"26",100151,36,2,2,7,2,NA,NA,2,2,1,NA,NA,8
"27",100152,39,1,2,6,2,NA,NA,NA,1,1,NA,2,2
"28",100156,85,1,2,1,1,2,2,NA,2,1,NA,NA,3
"29",100161,76,1,2,6,1,1,1,2,2,1,NA,2,5
"30",100163,63,1,2,6,2,2,2,NA,2,2,2,NA,3
"31",100176,66,2,2,5,1,NA,NA,NA,1,8,NA,NA,2
"32",100177,57,1,2,7,1,NA,NA,2,2,1,NA,2,9
"33",100178,19,1,1,2,1,1,2,2,1,1,2,2,3
"34",100180,28,1,1,3,1,NA,NA,NA,1,2,1,NA,2
"35",100194,49,1,2,8,1,2,2,NA,2,1,NA,NA,3
"36",100205,45,1,2,4,1,2,2,2,1,2,1,2,8
"37",100206,75,1,2,1,2,NA,NA,NA,2,8,NA,NA,3
"38",100207,60,1,1,2,1,NA,NA,2,2,8,NA,NA,4
"39",100208,52,2,2,4,1,NA,NA,NA,1,1,NA,2,4
"40",100209,58,1,1,3,1,NA,NA,NA,1,2,NA,NA,1
"41",100223,67,1,2,4,1,NA,NA,2,2,2,NA,NA,2
"42",100229,80,1,2,3,1,NA,NA,NA,1,1,NA,2,2
"43",100235,73,1,2,5,1,2,2,NA,2,2,1,2,2
"44",100239,19,1,2,4,2,1,1,1,1,1,1,1,4
"45",100252,70,1,1,5,1,2,2,NA,2,1,1,NA,1
"46",100254,25,1,1,99,1,NA,NA,2,1,1,2,2,2
"47",100256,81,1,1,9,1,2,2,2,2,8,NA,NA,3
"48",100259,75,1,2,98,1,NA,NA,2,1,8,NA,NA,4
"49",100262,51,1,1,7,1,2,2,NA,2,2,2,NA,2
"50",100266,73,1,2,8,1,2,2,2,1,1,2,NA,4
"51",100272,40,1,2,8,1,NA,NA,2,2,1,2,2,3
"52",100285,78,1,1,6,2,NA,NA,NA,1,2,NA,2,4
"53",100287,61,1,2,4,1,2,2,NA,2,2,NA,2,2
"54",100289,75,1,2,98,1,2,2,NA,2,1,NA,NA,2
"55",100298,37,1,2,7,1,1,1,2,2,1,1,2,3
"56",100300,56,1,2,1,2,NA,NA,NA,2,1,NA,NA,3
"57",100301,61,1,1,9,1,NA,NA,2,2,1,1,2,1
"58",100307,60,1,2,3,1,NA,NA,NA,2,1,1,NA,2
"59",100308,27,1,2,5,2,NA,NA,NA,2,1,NA,NA,8
"60",100310,43,3,2,9,1,1,2,2,1,8,2,1,4
"61",100316,72,1,2,5,1,NA,NA,2,2,1,NA,NA,1
"62",100320,99,9,2,99,1,NA,NA,NA,2,1,NA,NA,4
"63",100324,69,1,1,4,2,2,2,NA,2,1,NA,NA,1
"64",100333,70,1,1,5,1,2,2,NA,2,2,NA,NA,1
"65",100335,45,9,1,9,1,NA,NA,2,2,1,1,1,5
"66",100346,73,1,2,4,1,NA,NA,NA,2,1,NA,NA,3
"67",100349,82,2,2,3,1,NA,NA,NA,2,1,NA,NA,2
"68",100352,72,1,1,6,1,NA,NA,NA,2,1,NA,NA,2
"69",100356,66,1,2,5,1,1,2,2,1,2,NA,2,2
"70",100360,67,1,2,6,2,1,1,2,1,2,NA,2,2
"71",100363,70,2,2,7,1,NA,NA,NA,2,8,NA,2,3
"72",100364,53,1,2,4,1,NA,NA,NA,2,1,1,NA,4
"73",100371,59,2,1,8,1,NA,NA,2,2,1,1,NA,3
"74",100372,83,1,1,98,1,NA,NA,NA,2,2,NA,NA,3
"75",100375,75,1,1,99,1,NA,NA,NA,2,8,NA,NA,2
"76",100378,56,1,2,2,1,2,2,NA,2,2,NA,NA,2
"77",100380,56,1,1,8,1,NA,NA,2,2,2,2,1,3
"78",100388,99,8,2,98,1,NA,NA,NA,2,1,NA,NA,4
"79",100390,19,1,2,9,1,NA,NA,2,2,1,NA,2,3
"80",100396,61,1,2,7,1,2,2,2,2,1,NA,2,4
"81",100399,87,1,2,98,2,2,2,NA,2,8,NA,NA,2
"82",100401,91,1,1,3,1,NA,NA,NA,2,2,NA,NA,4
"83",100408,54,1,2,9,1,NA,NA,2,2,1,1,2,2
"84",100419,51,1,2,6,1,NA,NA,2,1,2,2,2,4
"85",100435,58,2,1,8,1,2,2,2,1,1,NA,2,3
"86",100439,88,1,2,99,1,NA,NA,NA,2,2,NA,NA,3
"87",100441,34,1,1,4,1,NA,NA,2,1,2,1,2,2
"88",100443,55,1,1,8,1,NA,NA,2,2,1,1,2,5
"89",100444,61,1,1,8,1,1,1,2,2,1,2,2,3
"90",100462,73,1,1,6,1,2,2,2,1,2,NA,NA,2
"91",100463,51,1,2,2,1,2,2,2,1,1,1,2,9
"92",100468,67,1,1,1,1,NA,NA,2,2,1,2,2,3
"93",100470,72,1,2,4,2,NA,NA,NA,2,8,NA,NA,4
"94",100472,36,1,2,7,2,NA,NA,NA,1,1,1,2,4
"95",100474,72,9,2,99,1,NA,NA,NA,2,8,NA,NA,1
"96",100475,68,1,1,5,1,NA,NA,NA,1,2,NA,NA,2
"97",100477,77,1,1,4,1,2,2,NA,1,2,NA,2,2
"98",100479,82,1,2,7,1,2,2,2,1,2,NA,NA,4
"99",100483,73,1,2,7,1,NA,NA,NA,1,2,NA,NA,3
"100",100484,60,1,1,6,2,NA,NA,NA,2,8,NA,NA,3
"101",100490,60,1,2,3,2,NA,NA,NA,2,2,1,NA,2
"102",100494,80,1,2,98,1,2,2,NA,2,8,NA,NA,3
"103",100512,63,1,2,4,1,2,2,NA,2,1,NA,NA,1
"104",100520,56,1,1,9,1,2,1,2,2,8,2,NA,3
"105",100528,83,1,2,3,1,NA,NA,NA,1,1,NA,NA,5
"106",100530,73,1,1,99,1,NA,NA,NA,2,8,1,NA,3
"107",100533,44,9,2,9,1,2,2,2,2,1,2,2,3
"108",100535,62,1,1,9,1,1,1,2,1,1,2,2,5
"109",100537,59,1,1,9,1,NA,NA,2,1,1,2,1,2
"110",100545,72,1,2,99,1,NA,NA,2,2,8,2,2,2
"111",100551,46,1,2,7,2,NA,NA,2,2,1,2,2,3
"112",100557,80,1,2,9,1,NA,NA,NA,1,8,NA,NA,3
"113",100559,99,1,2,4,1,2,2,NA,1,1,NA,NA,3
"114",100566,85,1,2,99,1,2,2,NA,2,8,NA,NA,4
"115",100576,72,1,2,2,1,NA,NA,NA,1,2,NA,NA,2
"116",100578,18,1,1,98,1,1,2,2,2,2,1,2,3
"117",100579,33,1,1,6,1,NA,NA,NA,1,2,2,2,2
"118",100580,65,1,2,9,1,2,2,NA,1,1,NA,NA,4
"119",100581,66,1,1,98,1,NA,NA,NA,2,2,NA,NA,2
"120",100583,56,1,2,1,1,2,2,NA,2,1,NA,2,3
"121",100589,70,1,1,4,1,NA,NA,NA,2,1,NA,NA,4
"122",100596,74,1,1,4,1,NA,NA,NA,1,1,NA,NA,3
"123",100597,83,1,2,1,2,NA,NA,NA,2,1,NA,NA,2
"124",100600,88,1,2,98,1,NA,NA,NA,2,1,NA,NA,2
"125",100601,75,1,2,99,1,NA,NA,NA,2,1,NA,2,2
"126",100605,60,1,1,3,2,NA,NA,NA,2,2,NA,NA,4
"127",100607,51,1,2,4,1,NA,NA,2,2,1,NA,NA,1
"128",100613,85,1,2,99,1,2,2,NA,2,8,NA,NA,4
"129",100623,72,1,1,98,1,2,2,2,2,1,NA,2,2
"130",100624,81,1,1,3,2,NA,NA,NA,2,8,NA,2,2
"131",100625,22,2,2,2,1,1,2,2,1,1,1,NA,5
"132",100628,86,1,1,8,1,2,2,NA,2,2,NA,NA,1
"133",100629,53,2,1,9,1,2,1,2,2,1,2,2,4
"134",100630,18,1,2,8,1,1,2,2,1,1,NA,2,4
"135",100633,25,4,1,98,1,NA,NA,2,1,2,2,1,1
"136",100635,79,9,1,3,1,NA,NA,2,2,8,NA,2,2
"137",100646,66,2,2,1,1,2,2,NA,2,1,NA,NA,8
"138",100654,57,1,2,99,1,NA,NA,2,2,8,1,2,9
"139",100665,74,1,2,98,1,NA,NA,NA,2,8,NA,NA,8
"140",100670,80,2,2,2,1,NA,NA,NA,2,2,NA,2,5
"141",100671,61,1,2,6,2,2,2,2,1,8,2,NA,4
"142",100672,71,1,2,5,1,2,2,NA,1,1,NA,NA,2
"143",100674,64,1,1,7,1,2,2,2,2,8,2,NA,3
"144",100675,80,1,2,98,1,2,2,NA,2,1,NA,NA,2
"145",100681,57,1,1,3,1,2,2,NA,1,2,NA,2,3
"146",100682,65,2,2,3,1,1,1,NA,1,1,NA,2,1
"147",100690,44,1,2,5,1,NA,NA,2,2,1,1,2,3
"148",100696,44,1,2,6,1,2,2,2,1,1,2,2,8
"149",100700,79,1,1,99,1,NA,NA,NA,2,2,NA,NA,2
"150",100705,66,1,1,4,1,2,2,NA,2,1,NA,NA,1
"151",100710,64,1,2,2,1,2,2,2,1,2,1,2,2
"152",100723,74,2,1,5,1,1,1,2,1,2,NA,2,5
"153",100724,60,1,2,99,1,1,2,2,1,1,1,2,3
"154",100728,32,2,2,98,1,NA,NA,NA,1,1,NA,2,3
"155",100734,86,1,1,2,2,NA,NA,NA,2,2,NA,NA,2
"156",100754,77,1,1,4,1,NA,NA,NA,1,2,NA,NA,3
"157",100755,35,1,2,8,1,2,2,NA,1,2,1,2,2
"158",100763,72,1,2,5,1,NA,NA,NA,2,8,NA,NA,1
"159",100765,60,1,1,4,1,NA,NA,NA,2,2,NA,2,2
"160",100776,49,2,2,9,1,1,2,2,2,1,2,2,3
"161",100784,52,1,1,5,1,NA,NA,2,2,1,1,NA,3
"162",100785,59,1,1,6,1,2,2,NA,1,1,1,NA,3
"163",100787,66,9,2,8,1,2,2,2,1,1,NA,NA,3
"164",100794,49,6,2,1,1,2,2,NA,2,2,NA,NA,9
"165",100797,21,1,2,3,2,NA,NA,2,2,1,NA,2,5
"166",100800,60,1,2,99,1,2,1,2,1,1,NA,2,3
"167",100803,21,1,2,7,1,NA,NA,2,2,1,2,2,4
"168",100804,77,1,2,5,1,NA,NA,NA,2,1,NA,NA,3
"169",100805,72,2,2,4,1,2,2,NA,2,1,NA,NA,3
"170",100812,79,1,2,3,1,2,2,NA,2,8,NA,NA,2
"171",100818,69,1,2,7,2,2,2,2,8,8,NA,2,3
"172",100831,53,1,2,6,1,2,2,NA,2,1,2,NA,2
"173",100842,68,1,1,6,1,NA,NA,2,2,1,NA,1,4
"174",100843,87,1,2,1,1,2,2,NA,2,9,NA,NA,3
"175",100847,71,1,1,98,1,2,2,NA,1,1,NA,NA,2
"176",100850,76,1,2,98,1,2,2,NA,2,1,NA,NA,3
"177",100851,71,1,1,98,1,2,2,NA,2,9,NA,NA,8
"178",100869,75,1,2,9,1,2,2,2,2,1,NA,2,5
"179",100873,73,1,1,99,1,NA,NA,NA,2,8,NA,NA,2
"180",100879,85,9,1,8,1,NA,NA,NA,2,2,NA,NA,4
"181",100882,85,1,2,5,1,NA,NA,NA,2,1,NA,NA,3
"182",100883,99,9,2,99,1,NA,NA,NA,1,2,NA,2,3
"183",100899,50,1,2,6,1,1,2,2,1,1,1,NA,2
"184",100903,49,1,2,9,1,1,1,2,1,1,1,2,2
"185",100907,39,1,1,5,1,2,2,2,1,2,NA,2,4
"186",100910,85,1,1,99,1,NA,NA,NA,2,2,NA,NA,2
"187",100913,45,1,1,99,1,1,2,2,2,1,2,2,3
"188",100915,59,1,2,99,1,NA,NA,2,2,1,1,2,3
"189",100916,99,1,2,98,1,NA,NA,2,2,1,1,2,2
"190",100920,72,1,1,99,1,NA,NA,2,2,1,NA,2,2
"191",100922,66,1,2,8,1,NA,NA,2,1,1,NA,2,3
"192",100927,71,2,1,3,1,2,2,NA,1,1,NA,NA,5
"193",100932,45,1,2,2,1,NA,NA,1,1,1,NA,2,9
"194",100939,80,1,1,6,1,NA,NA,NA,2,1,NA,NA,2
"195",100940,67,3,1,99,1,NA,NA,2,1,2,NA,2,3
"196",100941,40,1,2,7,1,NA,NA,2,1,1,1,1,4
"197",100948,78,1,1,99,1,2,2,NA,2,2,NA,NA,3
"198",100949,80,1,2,5,1,2,2,NA,2,2,NA,NA,4
"199",100969,57,1,1,7,1,NA,NA,2,2,1,2,NA,1
"200",100986,62,1,2,8,2,NA,NA,2,2,1,NA,2,5
"201",100991,83,1,2,99,1,NA,NA,NA,2,2,NA,NA,2
"202",100992,77,1,1,5,1,2,2,NA,1,1,NA,NA,2
"203",100997,59,1,2,6,1,NA,NA,2,1,2,NA,2,2
"204",100998,52,1,1,98,2,2,2,2,1,8,NA,NA,3
"205",101003,63,4,2,4,1,2,2,NA,2,2,NA,NA,3
"206",101008,99,2,2,6,1,NA,NA,NA,2,1,1,NA,2
"207",101029,39,1,2,98,1,1,1,2,1,1,NA,2,2
"208",101034,75,1,1,5,2,2,2,2,2,2,NA,NA,4
"209",101038,59,1,2,7,2,1,2,2,1,1,1,NA,4
"210",101042,80,1,2,98,1,2,2,NA,2,1,NA,NA,3
"211",101044,80,1,1,8,1,NA,NA,NA,2,8,NA,2,2
"212",101050,57,1,2,1,1,NA,NA,2,2,2,NA,NA,2
"213",101051,54,1,1,6,1,2,1,2,2,8,2,NA,2
"214",101064,82,1,2,2,1,2,2,NA,2,8,NA,2,1
"215",101065,69,1,2,8,1,2,2,NA,2,2,NA,2,3
"216",101066,90,1,1,9,1,NA,NA,NA,2,8,2,NA,3
"217",101072,57,1,2,5,1,1,2,2,1,2,1,2,2
"218",101080,72,4,1,8,1,NA,NA,2,1,1,2,2,2
"219",101083,63,1,1,6,1,2,2,NA,2,8,NA,2,5
"220",101096,73,1,2,6,1,2,2,NA,2,2,NA,NA,2
"221",101097,57,2,1,5,1,1,1,2,2,1,2,2,3
"222",101099,61,1,2,3,1,NA,NA,NA,2,1,NA,NA,1
"223",101109,29,2,1,98,2,1,2,2,2,2,NA,NA,4
"224",101118,32,6,2,1,2,1,2,NA,2,2,NA,NA,2
"225",101126,79,2,1,3,1,NA,NA,NA,2,1,NA,NA,3
"226",101133,81,1,1,8,1,1,2,2,2,2,NA,2,2
"227",101141,75,1,1,99,1,2,2,2,2,8,NA,2,4
"228",101149,62,9,1,8,1,2,1,2,1,2,1,NA,2
"229",101150,69,1,2,6,1,NA,NA,2,2,2,NA,2,3
"230",101152,65,1,2,2,1,NA,NA,2,1,2,NA,2,8
"231",101161,73,1,1,3,1,NA,NA,NA,2,2,NA,NA,1
"232",101162,99,1,2,9,1,NA,NA,2,1,1,2,2,2
"233",101168,18,1,1,6,1,NA,NA,2,1,1,1,2,3
"234",101169,99,1,1,99,1,NA,NA,NA,2,8,NA,2,3
"235",101174,74,6,2,6,1,2,2,NA,2,8,NA,2,8
"236",101182,49,1,2,7,1,NA,NA,NA,2,1,2,2,2
"237",101189,44,1,2,4,1,1,1,2,2,1,1,2,8
"238",101194,62,1,1,8,1,1,1,2,2,2,2,2,2
"239",101199,48,1,2,5,1,NA,NA,NA,1,2,NA,2,4
"240",101215,70,1,1,99,1,NA,NA,NA,2,2,NA,NA,3
"241",101220,60,1,2,3,1,NA,NA,NA,1,1,NA,2,2
"242",101224,49,1,2,8,1,NA,NA,2,2,2,2,2,2
"243",101226,68,1,2,3,1,NA,NA,NA,2,1,NA,NA,3
"244",101242,64,1,1,9,1,NA,NA,2,2,1,NA,NA,5
"245",101243,99,9,1,99,2,NA,NA,NA,2,1,2,2,9
"246",101250,72,1,2,6,1,NA,NA,2,1,1,NA,NA,3
"247",101277,61,1,2,4,2,NA,NA,2,1,1,1,2,4
"248",101278,76,1,2,2,1,2,2,NA,2,2,NA,NA,3
"249",101279,54,1,2,99,1,NA,NA,2,1,2,NA,2,3
"250",101280,52,1,1,7,2,NA,NA,2,1,8,NA,NA,1
"251",101283,59,2,2,4,1,2,2,2,2,2,1,NA,2
"252",101287,56,1,1,3,2,NA,NA,2,1,2,1,2,3
"253",101296,68,1,2,6,1,NA,NA,2,2,8,NA,2,9
"254",101301,67,1,1,9,1,1,2,2,1,1,2,1,3
"255",101307,35,1,2,2,1,1,1,1,2,1,1,2,3
"256",101314,62,1,1,98,1,2,2,2,2,8,NA,NA,8
"257",101322,80,1,1,99,1,2,2,NA,2,1,NA,2,2
"258",101323,52,1,1,7,1,NA,NA,2,2,1,1,NA,3
"259",101327,85,1,1,9,1,2,2,2,1,8,NA,NA,1
"260",101333,65,1,2,1,1,NA,NA,NA,1,1,NA,NA,2
"261",101334,55,2,1,2,1,NA,NA,NA,2,1,NA,2,4
"262",101336,99,1,1,99,1,2,2,2,2,8,2,NA,2
"263",101345,73,1,1,8,1,2,2,NA,2,1,NA,NA,2
"264",101347,71,1,2,5,1,2,2,NA,1,1,NA,2,1
"265",101348,81,1,1,3,1,NA,NA,NA,1,2,NA,1,9
"266",101349,53,3,2,5,1,NA,NA,2,2,2,1,NA,3
"267",101353,37,4,2,7,1,NA,NA,2,1,2,NA,2,8
"268",101358,53,1,2,5,2,NA,NA,NA,2,1,2,2,4
"269",101373,83,1,2,7,1,NA,NA,NA,2,1,NA,NA,1
"270",101376,65,1,2,99,1,2,2,NA,2,1,1,2,3
"271",101377,65,1,1,7,1,NA,NA,NA,2,1,1,2,5
"272",101388,74,1,2,6,1,2,2,NA,1,1,NA,NA,3
"273",101392,65,1,1,8,2,NA,NA,2,2,1,1,2,5
"274",101410,67,1,2,1,1,NA,NA,NA,2,8,1,NA,2
"275",101421,64,5,1,6,2,NA,NA,2,2,1,NA,NA,5
"276",101433,66,1,1,8,1,NA,NA,2,2,1,NA,2,3
"277",101441,76,1,1,8,1,2,1,2,1,1,NA,2,5
"278",101442,78,1,1,2,2,2,2,NA,2,8,NA,NA,1
"279",101445,70,1,2,99,1,NA,NA,NA,1,2,NA,2,4
"280",101448,62,1,1,5,1,NA,NA,2,2,1,NA,NA,3
"281",101461,67,1,1,99,2,NA,NA,NA,2,2,NA,2,1
"282",101462,50,1,1,8,2,NA,NA,2,2,1,1,NA,3
"283",101478,87,1,2,6,1,NA,NA,NA,1,1,NA,NA,3
"284",101480,51,1,2,6,1,NA,NA,2,1,2,2,2,3
"285",101484,26,1,2,7,1,NA,NA,2,2,1,1,2,2
"286",101488,52,1,2,8,2,NA,NA,NA,2,2,1,2,3
"287",101494,64,1,2,98,1,NA,NA,NA,1,2,NA,2,5
"288",101496,55,1,2,2,1,NA,NA,NA,2,1,1,NA,3
"289",101504,65,3,2,6,2,1,2,2,2,2,NA,NA,5
"290",101507,64,1,2,7,2,NA,NA,NA,2,1,NA,2,1
"291",101513,60,1,1,6,1,NA,NA,1,1,1,2,NA,3
"292",101519,59,1,2,7,1,NA,NA,2,1,2,NA,2,3
"293",101524,45,1,1,2,1,NA,NA,2,2,1,2,2,2
"294",101527,22,3,1,4,1,2,2,2,2,1,1,2,3
"295",101530,80,1,2,6,1,NA,NA,2,1,1,NA,NA,1
"296",101531,33,1,2,4,1,NA,NA,NA,1,2,2,2,3
"297",101532,18,1,2,3,1,NA,NA,NA,1,2,NA,NA,3
"298",101548,32,1,1,6,1,1,1,2,2,2,1,NA,3
"299",101556,82,1,1,4,1,NA,NA,NA,2,8,NA,NA,2
"300",101557,83,1,2,9,1,NA,NA,NA,2,8,2,2,1
"301",101561,75,1,2,1,1,NA,NA,NA,2,8,NA,NA,2
"302",101563,60,1,2,6,1,2,2,NA,2,8,NA,NA,3
"303",101566,72,2,1,6,1,2,1,2,2,8,NA,NA,5
"304",101569,24,3,1,99,2,1,1,2,2,1,2,2,3
"305",101570,21,1,1,1,1,1,2,2,1,1,1,1,4
"306",101571,59,5,2,1,1,2,2,NA,2,1,NA,NA,3
"307",101572,77,1,2,3,1,NA,NA,NA,2,8,2,NA,3
"308",101574,61,2,2,3,1,NA,NA,NA,2,1,NA,NA,3
"309",101575,81,1,2,99,1,2,2,NA,1,1,NA,2,4
"310",101579,89,1,2,3,1,NA,NA,NA,2,8,NA,NA,2
"311",101584,70,2,1,99,1,2,2,NA,2,9,NA,NA,1
"312",101586,27,1,2,2,1,NA,NA,NA,2,2,1,2,5
"313",101587,66,1,2,4,1,2,2,NA,1,1,NA,NA,4
"314",101589,61,1,2,6,1,2,2,2,2,1,1,2,1
"315",101611,52,1,1,6,1,NA,NA,2,2,1,2,2,2
"316",101614,75,1,1,98,1,2,2,NA,2,8,2,NA,1
"317",101616,64,1,2,6,1,2,2,NA,2,8,2,NA,9
"318",101621,62,2,2,1,2,2,2,NA,2,2,NA,NA,2
"319",101623,65,1,2,7,1,NA,NA,NA,1,8,1,2,3
"320",101624,79,1,1,98,1,NA,NA,2,2,1,1,NA,1
"321",101625,63,1,1,7,1,2,2,NA,2,1,1,NA,3
"322",101631,84,1,1,5,1,NA,NA,NA,2,8,NA,NA,4
"323",101632,26,1,1,2,1,1,1,2,1,2,1,2,3
"324",101639,63,5,1,3,1,NA,NA,NA,1,2,NA,NA,4
"325",101640,57,1,1,1,1,NA,NA,NA,2,1,NA,NA,2
"326",101645,86,1,2,98,2,2,2,NA,2,8,NA,NA,3
"327",101650,47,1,1,3,1,2,1,2,1,2,NA,NA,2
"328",101666,67,1,1,8,1,2,1,2,2,2,NA,2,3
"329",101668,68,1,2,2,2,NA,NA,NA,2,1,NA,NA,8
"330",101674,51,1,2,5,1,NA,NA,NA,2,2,1,2,2
"331",101675,53,1,1,7,1,NA,NA,NA,2,2,1,NA,3
"332",101678,81,1,2,2,1,NA,NA,NA,2,1,NA,NA,3
"333",101682,80,1,2,3,1,2,2,NA,2,2,NA,NA,1
"334",101694,99,9,1,99,1,NA,NA,2,1,1,2,NA,9
"335",101703,44,8,1,9,1,NA,NA,2,1,1,2,NA,4
"336",101715,45,2,2,99,2,NA,NA,2,1,1,1,2,3
"337",101720,66,1,1,8,1,NA,NA,2,2,8,NA,NA,2
"338",101733,66,1,1,3,1,NA,NA,2,1,8,2,2,4
"339",101737,31,1,2,3,2,NA,NA,2,2,2,NA,2,3
"340",101740,76,1,2,99,1,NA,NA,2,2,1,NA,2,1
"341",101744,63,1,1,5,1,NA,NA,NA,2,1,NA,NA,2
"342",101747,61,1,2,1,1,NA,NA,NA,2,1,NA,NA,2
"343",101756,82,1,1,99,2,2,2,NA,2,8,NA,NA,4
"344",101757,72,1,2,2,1,NA,NA,NA,2,2,NA,NA,8
"345",101781,52,1,2,9,1,1,2,2,2,1,1,8,2
"346",101784,72,1,2,6,1,NA,NA,2,1,2,NA,2,3
"347",101786,30,1,2,2,1,NA,NA,1,2,1,1,2,3
"348",101794,68,1,2,98,1,1,1,2,1,1,NA,2,3
"349",101808,52,1,2,9,1,1,2,2,1,1,1,2,3
"350",101812,81,2,2,99,1,2,2,NA,2,2,NA,NA,2
"351",101813,55,1,1,9,1,NA,NA,2,1,1,2,2,3
"352",101821,53,1,1,8,1,2,2,NA,2,1,1,NA,1
"353",101826,66,1,1,8,1,2,2,2,2,1,NA,NA,2
"354",101835,75,1,2,3,1,NA,NA,NA,2,8,NA,NA,2
"355",101841,84,2,1,2,1,2,2,NA,2,2,NA,NA,3
"356",101851,66,1,1,99,1,NA,NA,NA,2,2,1,2,3
"357",101852,42,1,2,7,2,NA,NA,2,1,1,2,2,1
"358",101865,64,1,2,5,1,NA,NA,NA,2,2,NA,NA,9
"359",101866,18,1,2,98,1,NA,NA,2,1,1,1,2,3
"360",101881,54,1,1,3,1,NA,NA,NA,2,1,1,NA,3
"361",101887,64,1,1,7,1,2,2,2,1,2,NA,NA,3
"362",101899,80,1,2,2,1,NA,NA,NA,2,1,NA,NA,3
"363",101903,86,1,1,8,1,NA,NA,NA,2,8,NA,2,3
"364",101904,77,1,2,3,1,NA,NA,2,1,2,NA,2,4
"365",101905,50,1,1,9,1,2,1,2,2,1,1,2,4
"366",101909,61,1,1,4,1,2,2,2,2,1,NA,2,3
"367",101912,50,1,2,8,1,NA,NA,2,1,1,1,2,3
"368",101921,99,9,2,99,2,1,2,2,2,1,2,NA,5
"369",101924,22,2,1,6,1,1,2,2,2,1,2,2,3
"370",101940,73,1,2,6,1,2,2,2,2,1,NA,NA,4
"371",101942,71,1,1,3,1,2,2,NA,2,1,NA,2,1
"372",101951,36,1,2,6,1,NA,NA,2,1,2,2,2,3
"373",101960,61,1,1,5,1,1,2,1,1,1,1,NA,5
"374",101962,52,1,2,8,1,NA,NA,2,2,1,2,8,1
"375",101965,75,1,2,1,1,NA,NA,NA,2,1,NA,NA,3
"376",101975,83,1,2,99,1,2,2,NA,2,8,NA,NA,4
"377",101976,45,6,2,8,1,NA,NA,2,1,1,2,2,3
"378",101979,72,2,1,5,1,2,2,NA,2,8,NA,NA,1
"379",101989,70,2,2,8,1,NA,NA,NA,2,8,NA,NA,4
"380",101992,62,1,2,99,1,2,2,NA,1,2,NA,2,2
"381",101997,30,1,2,7,1,NA,NA,2,1,1,NA,NA,3
"382",102007,74,1,2,7,1,NA,NA,NA,1,1,NA,NA,4
"383",102009,81,1,2,4,1,NA,NA,NA,1,1,NA,2,3
"384",102018,62,1,2,99,1,NA,NA,1,1,2,NA,NA,5
"385",102031,78,1,2,99,1,2,2,2,2,8,NA,2,3
"386",102039,74,2,2,1,1,NA,NA,NA,2,1,NA,NA,3
"387",102041,97,2,2,6,1,NA,NA,NA,2,2,NA,NA,1
"388",102045,71,2,1,6,1,NA,NA,2,2,1,NA,2,3
"389",102052,70,1,2,7,1,1,1,2,2,1,NA,NA,3
"390",102055,48,1,1,8,1,2,2,2,1,2,1,NA,3
"391",102056,67,1,2,98,1,NA,NA,NA,2,8,NA,NA,2
"392",102061,20,1,1,5,1,NA,NA,1,1,1,1,2,3
"393",102064,62,1,2,8,1,2,2,2,2,1,1,2,4
"394",102066,72,1,2,9,1,2,2,NA,2,8,NA,2,3
"395",102067,64,9,2,99,1,1,2,NA,2,8,NA,NA,3
"396",102072,32,1,2,98,2,NA,NA,1,1,2,NA,NA,2
"397",102073,59,1,2,8,1,2,2,NA,2,1,2,NA,3
"398",102075,50,1,2,99,1,NA,NA,2,1,1,NA,NA,1
"399",102078,89,1,1,6,1,2,2,NA,2,1,NA,NA,3
"400",102079,30,2,2,5,1,NA,NA,1,2,8,1,NA,3
"401",102080,45,1,1,6,1,NA,NA,2,1,1,1,2,3
"402",102091,57,1,1,3,1,2,2,NA,2,2,NA,NA,2
"403",102095,30,1,2,98,1,NA,NA,NA,1,2,NA,2,2
"404",102096,63,1,2,6,1,2,2,2,2,1,2,2,2
"405",102097,62,1,1,9,1,1,2,2,2,1,2,2,5
"406",102098,62,2,2,8,1,2,2,2,1,1,1,NA,3
"407",102114,67,1,2,4,1,2,2,2,1,1,NA,2,4
"408",102132,39,6,1,6,1,2,1,2,2,1,2,2,2
"409",102142,70,2,1,99,1,NA,NA,NA,2,8,NA,NA,5
"410",102149,54,1,1,3,1,2,2,2,2,1,NA,NA,3
"411",102150,62,4,2,2,1,2,2,NA,2,8,NA,NA,3
"412",102153,74,1,1,5,1,2,2,NA,2,8,NA,2,2
"413",102155,30,1,1,7,1,NA,NA,2,1,2,1,2,2
"414",102159,26,1,1,6,1,1,2,2,1,1,1,2,4
"415",102161,35,1,2,7,1,1,2,2,1,2,NA,2,3
"416",102177,90,1,2,2,1,NA,NA,NA,2,2,NA,NA,9
"417",102184,61,1,2,6,1,2,2,2,2,1,2,2,4
"418",102205,60,1,1,3,1,NA,NA,2,2,2,NA,2,5
"419",102207,99,1,2,99,1,NA,NA,NA,1,9,NA,NA,8
"420",102218,57,1,2,98,1,2,2,NA,2,2,2,NA,2
"421",102224,60,1,1,7,1,1,1,2,1,1,2,2,5
"422",102229,37,1,1,6,2,1,2,2,1,8,1,2,3
"423",102239,73,1,2,5,1,2,2,2,1,1,NA,2,2
"424",102242,35,6,1,6,1,1,1,2,1,1,1,2,5
"425",102261,45,1,1,5,1,2,1,2,1,2,1,NA,3
"426",102269,43,2,2,7,1,NA,NA,2,1,1,2,2,3
"427",102275,55,1,2,9,1,NA,NA,2,2,1,2,2,3
"428",102281,38,1,1,3,1,1,1,1,1,2,2,2,4
"429",102293,56,1,2,4,1,NA,NA,NA,2,2,NA,2,3
"430",102301,83,1,2,99,1,2,2,NA,1,8,NA,NA,5
"431",102302,58,1,1,9,1,NA,NA,2,2,1,1,NA,2
"432",102306,44,1,2,6,2,NA,NA,2,2,2,2,NA,5
"433",102313,78,1,1,99,1,NA,NA,NA,2,2,NA,NA,1
"434",102320,70,1,2,2,2,NA,NA,NA,2,2,NA,NA,3
"435",102321,63,1,2,1,1,NA,NA,NA,2,1,NA,NA,3
"436",102322,33,1,1,4,2,NA,NA,NA,2,2,1,NA,4
"437",102328,22,1,2,1,1,NA,NA,2,2,1,1,2,3
"438",102331,83,1,2,3,1,2,2,NA,2,2,NA,NA,3
"439",102337,57,1,2,8,1,NA,NA,2,2,2,2,2,3
"440",102345,79,1,2,98,1,NA,NA,NA,2,2,NA,NA,9
"441",102365,62,1,1,4,1,NA,NA,2,2,8,NA,2,3
"442",102372,60,1,1,3,1,NA,NA,NA,2,2,NA,2,8
"443",102377,49,2,2,9,1,NA,NA,NA,2,2,NA,NA,5
"444",102385,22,1,2,1,1,2,2,NA,1,1,NA,1,8
"445",102389,82,1,2,99,1,2,2,NA,1,2,NA,NA,2
"446",102399,68,1,1,99,1,1,1,2,2,1,NA,NA,2
"447",102404,51,1,2,7,1,1,1,2,2,1,1,2,4
"448",102405,66,3,2,9,1,NA,NA,2,2,2,1,2,2
"449",102410,20,1,1,6,1,NA,NA,NA,1,1,NA,NA,5
"450",102413,61,1,1,8,1,NA,NA,2,1,2,NA,2,2
"451",102423,60,1,1,99,1,NA,NA,NA,2,2,NA,NA,4
"452",102434,72,2,2,3,1,NA,NA,NA,2,8,NA,2,3
"453",102446,53,1,2,5,1,NA,NA,2,1,1,1,2,3
"454",102449,36,1,1,6,1,1,1,2,1,1,1,1,2
"455",102459,55,1,1,4,1,NA,NA,NA,2,8,1,NA,2
"456",102463,67,1,2,6,1,NA,NA,2,1,1,NA,NA,2
"457",102466,61,1,2,7,1,2,2,NA,1,2,NA,2,2
"458",102467,50,1,1,99,1,NA,NA,2,2,1,1,2,2
"459",102471,32,1,1,3,1,NA,NA,NA,1,2,NA,2,2
"460",102473,86,1,1,5,1,2,2,NA,2,1,NA,NA,3
"461",102477,55,1,2,6,2,2,2,NA,2,1,2,2,3
"462",102480,69,1,2,3,1,NA,NA,2,1,2,NA,2,2
"463",102481,51,2,1,8,1,NA,NA,2,1,1,1,NA,4
"464",102488,61,1,2,6,2,NA,NA,NA,2,1,2,2,5
"465",102494,54,1,2,4,1,1,1,2,1,1,2,1,3
"466",102501,44,1,2,4,1,NA,NA,2,2,1,1,2,3
"467",102512,64,1,1,5,1,NA,NA,NA,2,1,NA,NA,8
"468",102515,54,4,2,2,1,NA,NA,NA,2,2,1,2,2
"469",102524,90,1,2,98,1,NA,NA,NA,1,2,NA,NA,2
"470",102527,58,1,2,6,1,NA,NA,2,1,1,1,NA,2
"471",102535,59,1,2,7,1,NA,NA,2,1,2,NA,2,3
"472",102536,63,1,2,5,2,1,2,2,1,1,2,2,5
"473",102538,45,1,1,4,1,NA,NA,NA,2,8,NA,NA,3
"474",102544,48,1,2,3,1,NA,NA,NA,2,8,1,NA,8
"475",102561,66,5,2,4,2,NA,NA,NA,2,1,NA,2,4
"476",102576,65,2,2,5,1,2,1,2,1,2,NA,2,2
"477",102597,46,2,1,4,1,1,1,2,1,2,1,2,4
"478",102599,48,1,2,7,1,NA,NA,NA,1,2,1,2,3
"479",102618,76,1,2,6,1,2,1,NA,2,2,NA,2,4
"480",102624,79,1,2,5,1,2,1,2,2,8,NA,NA,3
"481",102629,61,3,2,1,1,NA,NA,2,2,1,1,2,8
"482",102637,67,1,2,6,2,NA,NA,2,2,1,2,2,5
"483",102644,70,1,2,99,1,NA,NA,2,2,1,NA,2,1
"484",102666,43,1,1,6,2,2,2,2,2,1,1,NA,4
"485",102685,64,9,2,9,1,1,2,2,1,1,NA,2,5
"486",102686,65,1,1,5,1,NA,NA,2,2,1,2,NA,2
"487",102699,80,1,2,6,1,NA,NA,NA,2,1,NA,NA,3
"488",102702,65,1,1,6,1,NA,NA,NA,1,8,NA,NA,2
"489",102711,72,1,2,99,1,2,2,2,2,2,NA,NA,9
"490",102717,70,1,2,4,1,NA,NA,NA,1,1,NA,2,3
"491",102719,50,1,1,8,1,1,2,2,2,2,NA,NA,3
"492",102721,50,1,2,6,1,NA,NA,NA,2,1,1,NA,1
"493",102726,71,1,2,4,1,NA,NA,NA,9,1,NA,2,2
"494",102732,37,1,1,99,1,2,2,2,2,1,NA,2,1
"495",102738,82,1,2,2,1,NA,NA,NA,2,1,NA,2,5
"496",102742,66,2,1,9,1,2,2,NA,1,1,NA,NA,2
"497",102749,70,1,2,3,1,NA,NA,NA,1,1,NA,NA,8
"498",102752,84,1,2,4,1,2,2,NA,2,1,NA,NA,2
"499",102762,19,1,2,8,1,1,1,1,2,1,NA,2,3
"500",102763,50,1,1,5,1,NA,NA,2,2,1,2,2,4
"501",102765,88,1,2,4,1,NA,NA,NA,2,1,NA,NA,2
"502",102766,66,1,2,99,1,NA,NA,NA,1,2,NA,NA,2
"503",102771,67,1,1,5,1,NA,NA,NA,1,2,NA,NA,3
"504",102778,86,1,2,98,1,NA,NA,NA,2,1,NA,NA,8
"505",102783,44,2,2,2,2,1,1,2,1,1,NA,1,8
"506",102784,67,1,1,6,1,NA,NA,NA,2,1,NA,NA,3
"507",102788,35,1,1,4,1,NA,NA,NA,2,2,1,NA,1
"508",102791,81,1,2,2,1,NA,NA,NA,2,2,NA,NA,8
"509",102792,68,1,2,98,1,NA,NA,NA,2,8,NA,NA,8
"510",102799,66,1,2,3,1,NA,NA,NA,2,1,NA,NA,2
"511",102804,47,1,2,7,1,2,2,2,2,1,1,2,3
"512",102814,72,1,2,7,2,2,1,2,2,1,NA,NA,3
"513",102820,60,1,2,7,1,2,2,NA,1,8,NA,8,3
"514",102826,59,1,2,2,1,NA,NA,NA,1,1,NA,2,3
"515",102827,47,1,2,7,1,2,2,2,1,1,2,2,3
"516",102842,90,1,2,98,8,NA,NA,NA,2,8,NA,NA,8
"517",102843,56,1,1,5,1,NA,NA,2,1,1,1,2,3
"518",102845,77,1,2,99,1,2,2,NA,2,2,NA,2,9
"519",102849,49,2,2,3,1,NA,NA,NA,2,2,1,NA,2
"520",102854,80,1,2,98,2,NA,NA,NA,2,2,NA,NA,8
"521",102858,67,2,1,99,1,NA,NA,NA,2,1,NA,NA,4
"522",102859,65,1,1,2,1,NA,NA,NA,2,1,1,NA,8
"523",102866,72,1,2,6,1,2,2,NA,1,2,NA,NA,3
"524",102867,64,1,2,98,1,2,2,NA,2,1,NA,NA,3
"525",102871,73,1,1,1,2,NA,NA,NA,2,2,NA,NA,3
"526",102873,67,1,2,98,1,NA,NA,NA,2,1,1,NA,2
"527",102874,78,1,2,2,1,NA,NA,2,1,2,NA,2,2
"528",102879,76,1,2,3,1,2,2,2,2,8,NA,NA,4
"529",102890,31,1,2,2,2,2,2,2,1,2,NA,2,3
"530",102891,82,1,1,5,1,NA,NA,NA,2,2,NA,NA,3
"531",102895,62,1,2,7,1,NA,NA,NA,1,2,NA,2,1
"532",102902,68,1,1,3,1,NA,NA,NA,2,2,NA,NA,4
"533",102920,53,1,2,8,1,NA,NA,2,1,1,2,2,2
"534",102922,30,3,1,7,2,1,2,2,1,2,2,1,3
"535",102923,58,1,2,7,1,NA,NA,NA,1,1,1,2,2
"536",102931,72,1,2,6,1,2,2,2,2,1,NA,NA,2
"537",102949,62,1,2,3,1,NA,NA,NA,2,2,1,2,3
"538",102950,74,1,1,99,1,2,2,NA,2,1,NA,NA,5
"539",102956,58,1,2,6,1,NA,NA,2,1,1,2,2,3
"540",102958,59,2,1,6,1,NA,NA,NA,1,1,NA,NA,4
"541",102962,66,2,2,98,1,2,2,2,1,8,NA,2,3
"542",102968,79,1,2,3,1,NA,NA,NA,1,1,NA,NA,2
"543",102969,74,1,1,6,2,NA,NA,2,2,1,NA,2,4
"544",102972,73,1,2,99,1,NA,NA,NA,2,1,NA,NA,3
"545",102975,68,1,2,3,1,2,2,2,2,1,NA,NA,2
"546",102981,61,1,2,6,1,2,2,2,2,1,NA,NA,2
"547",102993,72,1,1,99,1,NA,NA,NA,2,1,NA,NA,3
"548",103000,56,1,2,7,1,NA,NA,2,1,1,2,2,3
"549",103002,55,1,2,7,2,NA,NA,NA,2,8,NA,2,8
"550",103003,62,1,1,9,1,2,1,2,2,1,2,1,3
"551",103006,75,1,1,1,2,NA,NA,NA,2,2,NA,NA,5
"552",103009,70,5,1,99,1,NA,NA,1,2,2,NA,2,3
"553",103017,52,1,1,9,1,NA,NA,2,2,1,2,1,3
"554",103020,24,2,2,3,1,NA,NA,2,1,1,1,2,3
"555",103022,99,1,2,99,1,2,2,NA,1,1,NA,NA,4
"556",103023,69,1,2,98,1,2,2,NA,1,2,NA,2,3
"557",103025,36,1,2,6,2,NA,NA,2,2,8,NA,2,2
"558",103028,18,1,1,98,1,1,1,2,1,1,1,2,3
"559",103030,55,1,2,99,1,NA,NA,2,2,1,NA,2,3
"560",103037,56,1,2,98,1,2,1,2,2,1,NA,2,2
"561",103040,47,1,2,5,1,NA,NA,2,1,1,1,2,3
"562",103051,63,1,2,2,1,NA,NA,NA,1,1,NA,2,4
"563",103053,67,1,2,7,1,1,2,NA,2,1,NA,2,5
"564",103054,66,1,1,9,1,2,1,2,2,1,2,2,3
"565",103057,63,1,2,6,1,NA,NA,NA,2,2,1,NA,2
"566",103064,49,1,2,8,1,2,2,2,1,2,1,NA,1
"567",103065,69,1,1,8,1,2,2,NA,2,1,NA,NA,5
"568",103067,79,2,1,4,1,NA,NA,NA,2,1,NA,NA,2
"569",103074,74,6,1,3,1,NA,NA,NA,1,2,NA,NA,3
"570",103077,70,1,1,9,1,NA,NA,2,1,8,NA,NA,3
"571",103078,53,1,1,4,1,2,2,NA,2,1,NA,NA,8
"572",103084,38,1,1,2,1,NA,NA,2,1,1,2,1,2
"573",103087,74,1,1,5,1,2,2,2,2,1,NA,NA,1
"574",103089,64,1,2,3,1,NA,NA,NA,1,2,NA,2,4
"575",103093,68,1,2,3,2,1,2,2,2,2,NA,NA,2
"576",103095,52,1,1,7,1,NA,NA,2,2,2,2,2,3
"577",103102,49,4,2,1,1,2,2,2,1,2,NA,2,8
"578",103107,33,8,2,98,1,NA,NA,NA,2,8,NA,NA,8
"579",103110,53,1,1,1,1,2,1,2,2,1,NA,NA,5
"580",103112,47,1,2,8,1,NA,NA,2,2,1,2,2,2
"581",103116,61,1,2,9,1,NA,NA,2,1,2,2,2,3
"582",103128,55,1,1,7,1,NA,NA,NA,1,2,1,NA,3
"583",103134,55,1,1,7,1,2,2,2,1,8,2,NA,4
"584",103136,72,1,2,99,1,2,2,NA,1,8,NA,NA,3
"585",103137,65,1,1,5,1,2,2,NA,2,8,NA,2,1
"586",103139,45,1,2,99,1,1,1,2,1,1,2,2,3
"587",103144,62,1,2,99,1,2,2,NA,1,2,NA,2,2
"588",103155,65,1,1,5,2,NA,NA,NA,2,8,1,NA,2
"589",103160,30,1,1,7,1,1,1,2,1,1,1,2,2
"590",103161,67,1,2,6,1,NA,NA,2,2,1,NA,2,3
"591",103162,86,1,2,2,1,NA,NA,NA,2,1,NA,NA,4
"592",103170,67,1,2,4,1,2,2,2,2,1,NA,NA,3
"593",103175,47,5,2,9,1,1,2,2,1,8,2,2,4
"594",103176,66,1,2,6,1,2,2,2,1,1,1,1,4
"595",103178,43,2,2,3,1,1,1,2,2,1,1,1,1
"596",103184,71,1,2,4,1,2,2,2,1,2,1,2,3
"597",103187,44,2,2,3,1,NA,NA,2,1,2,NA,NA,3
"598",103189,52,1,1,7,1,2,2,NA,2,8,1,NA,2
"599",103191,81,1,1,99,1,NA,NA,NA,2,2,NA,NA,2
"600",103204,69,1,1,3,1,2,2,NA,2,8,NA,2,1
"601",103206,33,1,2,7,1,1,2,2,1,2,1,2,3
"602",103207,50,1,1,99,1,NA,NA,NA,2,8,NA,NA,5
"603",103222,77,1,2,8,1,2,2,NA,2,1,NA,NA,3
"604",103224,48,1,2,6,1,NA,NA,NA,1,2,1,2,3
"605",103228,55,1,2,8,1,NA,NA,2,1,1,1,2,3
"606",103231,68,1,2,4,1,NA,NA,NA,1,1,NA,2,4
"607",103234,57,1,2,4,1,2,1,2,2,1,1,2,4
"608",103238,68,1,2,7,1,NA,NA,2,1,1,NA,2,5
"609",103240,32,2,1,6,1,1,1,2,1,1,1,2,3
"610",103241,86,1,1,6,1,2,2,NA,2,8,NA,NA,2
"611",103255,42,1,1,9,1,NA,NA,2,1,1,1,2,3
"612",103259,76,1,2,8,1,NA,NA,NA,2,8,NA,NA,4
"613",103268,48,1,2,8,1,2,2,2,2,1,8,2,2
"614",103273,62,1,1,5,1,NA,NA,NA,1,2,1,2,1
"615",103274,42,1,2,3,1,2,2,2,1,2,1,NA,2
"616",103283,78,1,2,98,1,NA,NA,NA,2,8,NA,NA,8
"617",103289,84,1,1,4,1,NA,NA,NA,2,2,NA,NA,3
"618",103291,18,1,1,9,1,1,1,2,1,1,NA,1,2
"619",103292,64,1,1,2,1,2,2,NA,2,1,NA,2,3
"620",103299,45,1,1,3,1,NA,NA,2,2,1,NA,2,5
"621",103302,51,1,2,1,1,NA,NA,NA,1,1,NA,2,3
"622",103304,57,1,1,6,1,NA,NA,NA,2,1,1,NA,2
"623",103306,83,1,2,98,1,NA,NA,NA,2,2,NA,NA,2
"624",103319,48,1,1,8,1,NA,NA,2,2,8,2,NA,2
"625",103322,45,1,2,7,1,1,2,2,2,1,2,2,4
"626",103323,78,1,2,99,1,2,2,NA,2,2,NA,NA,9
"627",103325,80,1,2,4,1,2,2,NA,2,8,NA,NA,2
"628",103328,60,1,1,8,1,NA,NA,2,1,2,2,NA,2
"629",103350,66,1,2,3,2,NA,NA,2,1,1,NA,2,5
"630",103358,80,1,1,99,1,NA,NA,NA,2,8,NA,NA,2
"631",103359,85,1,2,2,1,NA,NA,NA,1,2,NA,NA,3
"632",103369,69,1,2,4,1,2,2,2,1,2,NA,2,3
"633",103379,61,1,2,8,1,2,2,NA,1,1,NA,2,5
"634",103380,42,1,2,3,1,2,2,2,1,2,1,2,8
"635",103388,44,4,2,99,1,1,2,2,2,1,1,2,2
"636",103390,55,1,2,6,2,NA,NA,NA,2,8,1,NA,1
"637",103394,55,1,2,3,1,NA,NA,2,1,1,1,2,5
"638",103399,59,2,2,8,1,2,2,2,2,1,NA,NA,2
"639",103413,46,1,2,6,1,NA,NA,2,1,2,1,2,2
"640",103420,67,1,1,8,1,1,1,2,2,2,NA,2,2
"641",103421,50,1,2,99,1,NA,NA,2,1,1,1,2,3
"642",103423,83,1,2,7,2,2,2,NA,2,8,NA,NA,4
"643",103425,48,1,2,3,1,NA,NA,NA,1,1,NA,2,3
"644",103428,73,2,1,6,1,NA,NA,NA,2,2,NA,NA,8
"645",103438,61,1,1,6,1,2,2,NA,1,2,1,NA,3
"646",103439,57,1,2,2,2,2,2,NA,2,1,1,NA,5
"647",103449,83,1,2,2,1,2,2,NA,2,2,NA,NA,3
"648",103452,69,1,2,6,1,NA,NA,2,2,1,NA,2,2
"649",103455,80,1,2,4,1,NA,NA,NA,2,8,NA,NA,4
"650",103457,69,1,1,2,1,NA,NA,NA,2,1,NA,NA,3
"651",103464,32,1,2,8,1,1,1,2,2,1,1,2,2
"652",103466,26,6,1,2,1,NA,NA,2,1,2,1,2,8
"653",103467,73,1,2,4,1,1,2,2,2,2,NA,2,3
"654",103468,87,1,2,99,1,2,2,NA,2,2,NA,NA,1
"655",103471,30,4,1,1,1,1,2,NA,1,1,NA,NA,1
"656",103498,75,1,2,1,1,NA,NA,NA,2,1,NA,NA,3
"657",103503,66,6,2,2,1,NA,NA,NA,2,2,NA,NA,2
"658",103506,55,1,2,9,1,1,2,2,1,2,NA,2,4
"659",103510,59,1,2,7,1,2,1,2,2,1,2,2,3
"660",103513,53,1,2,8,1,NA,NA,NA,1,1,1,2,5
"661",103524,72,1,2,7,1,2,1,2,2,1,NA,NA,5
"662",103528,61,1,2,99,1,1,1,2,1,1,1,2,3
"663",103534,61,1,2,6,1,2,2,NA,2,1,2,NA,4
"664",103537,61,1,2,5,1,2,1,2,1,2,2,2,2
"665",103543,71,1,1,6,1,NA,NA,2,2,2,NA,2,3
"666",103546,50,1,1,4,1,NA,NA,2,1,2,1,2,2
"667",103552,52,1,1,6,1,NA,NA,NA,1,8,1,2,3
"668",103559,71,1,2,1,1,NA,NA,NA,2,2,NA,NA,2
"669",103561,79,1,1,7,1,2,2,NA,2,2,NA,NA,2
"670",103564,66,1,2,3,1,NA,NA,2,1,2,1,2,4
"671",103569,31,1,1,8,1,NA,NA,NA,1,1,1,2,5
"672",103571,50,1,2,7,1,2,2,2,1,2,NA,2,1
"673",103572,44,1,1,3,1,1,1,2,1,1,2,2,8
"674",103573,47,1,2,9,1,2,1,2,1,2,1,2,2
"675",103586,72,1,2,6,1,2,2,2,1,1,NA,2,4
"676",103595,74,1,2,6,1,NA,NA,NA,1,2,NA,2,2
"677",103603,36,1,2,2,2,2,2,NA,1,2,1,2,2
"678",103610,66,1,1,4,2,2,2,NA,2,8,1,2,3
"679",103615,58,1,1,9,1,1,1,2,2,2,NA,NA,2
"680",103616,58,1,1,6,2,NA,NA,NA,2,1,2,NA,2
"681",103617,55,4,1,8,1,2,2,2,2,1,2,NA,5
"682",103618,73,1,1,98,1,2,2,NA,2,1,NA,NA,3
"683",103622,58,1,2,98,1,NA,NA,NA,2,1,NA,NA,2
"684",103623,88,1,1,5,1,2,2,NA,2,8,NA,NA,4
"685",103628,22,1,1,98,1,NA,NA,2,1,1,1,2,4
"686",103630,32,1,2,2,1,1,2,1,1,1,1,2,5
"687",103634,63,2,2,6,1,1,2,2,1,1,NA,2,3
"688",103658,37,1,2,7,1,NA,NA,NA,1,2,2,2,4
"689",103666,96,1,1,3,1,2,2,NA,2,8,NA,NA,2
"690",103687,74,1,1,5,1,2,2,NA,2,2,NA,NA,3
"691",103705,32,1,1,6,2,NA,NA,NA,1,1,2,2,2
"692",103723,65,1,2,6,1,2,1,2,1,2,1,2,2
"693",103724,64,1,2,9,1,NA,NA,2,1,8,2,NA,4
"694",103758,68,2,2,8,1,NA,NA,2,1,8,1,NA,4
"695",103767,56,1,1,4,1,NA,NA,NA,2,1,1,NA,2
"696",103795,72,1,2,99,1,2,1,2,1,1,NA,2,8
"697",103807,62,1,1,6,1,NA,NA,2,1,1,2,2,4
"698",103825,76,1,2,6,1,NA,NA,2,1,8,NA,NA,3
"699",103864,51,1,2,7,1,1,2,2,2,1,1,2,4
"700",103872,60,1,1,9,1,NA,NA,2,1,1,NA,2,4
"701",103886,60,1,2,5,1,2,2,NA,1,2,NA,NA,8
"702",200004,99,1,1,6,1,NA,NA,NA,2,8,2,NA,2
"703",200005,26,2,1,3,1,1,1,1,1,1,1,NA,3
"704",200019,56,1,1,9,1,NA,NA,2,1,1,2,2,5
"705",200027,38,1,1,7,1,2,2,2,2,1,2,2,2
"706",200030,32,1,2,9,1,NA,NA,2,2,1,2,1,4
"707",200031,49,2,2,1,1,1,1,2,1,1,NA,1,5
"708",200036,54,2,2,6,1,1,2,2,1,1,NA,2,4
"709",200037,30,8,1,9,2,2,1,1,1,2,2,1,8
"710",200039,56,2,2,8,1,NA,NA,2,1,2,NA,2,3
"711",200041,53,1,1,1,1,2,1,NA,1,2,NA,NA,5
"712",200047,49,1,2,5,1,1,1,2,1,1,1,2,9
"713",200056,53,9,1,7,1,1,1,1,1,2,NA,1,5
"714",200058,62,1,2,9,1,NA,NA,2,1,1,NA,2,3
"715",200066,45,1,1,5,1,NA,NA,2,1,2,NA,2,2
"716",200070,30,1,1,2,2,2,2,2,2,1,8,NA,2
"717",200073,47,1,1,4,1,2,2,NA,1,1,1,NA,8
"718",200074,52,2,1,6,1,NA,NA,2,2,1,1,2,9
"719",200078,26,1,2,7,1,NA,NA,1,1,1,1,2,4
"720",200080,39,1,1,99,1,NA,NA,1,1,2,1,2,8
"721",200083,50,1,1,2,2,NA,NA,2,1,1,2,NA,4
"722",200086,65,2,1,1,2,NA,NA,NA,2,1,2,NA,4
"723",200088,28,1,1,6,1,2,1,2,2,1,1,2,4
"724",200102,40,1,1,7,2,NA,NA,2,1,2,1,2,3
"725",200104,47,1,1,8,1,2,1,1,1,1,1,2,3
"726",200106,55,1,1,6,2,1,2,2,2,1,1,NA,2
"727",200107,38,2,1,4,2,NA,NA,1,1,1,1,1,2
"728",200116,60,1,1,5,2,NA,NA,2,2,8,NA,2,3
"729",200117,52,1,1,2,1,NA,NA,NA,2,2,1,NA,4
"730",200120,22,2,2,9,1,NA,NA,2,1,2,NA,2,2
"731",200125,33,1,1,7,1,1,1,1,1,2,2,2,3
"732",200131,19,1,1,3,1,NA,NA,2,1,1,1,1,4
"733",200134,25,8,1,6,2,1,2,2,1,2,1,1,2
"734",200138,23,1,1,3,1,1,1,2,1,1,2,2,3
"735",200144,42,1,1,8,1,NA,NA,2,2,1,1,2,3
"736",200149,30,3,2,2,2,2,2,NA,2,8,NA,8,4
"737",200158,60,1,1,7,1,1,2,2,1,1,1,NA,3
"738",200161,53,1,1,7,1,1,2,2,2,1,1,NA,2
"739",200171,53,1,1,4,2,2,1,2,1,2,2,2,5
"740",200181,38,1,2,7,1,1,1,2,2,2,2,2,2
"741",200183,53,1,2,9,1,1,2,2,1,2,NA,NA,2
"742",200184,24,4,2,5,1,1,1,2,2,1,NA,2,4
"743",200185,36,8,2,99,1,1,2,2,2,1,1,2,8
"744",200189,53,1,1,1,2,NA,NA,NA,2,2,NA,NA,4
"745",200190,80,1,1,8,1,NA,NA,2,2,2,2,2,2
"746",200191,52,1,1,2,1,2,2,2,2,1,1,2,2
"747",200196,24,2,1,3,1,NA,NA,1,1,1,2,2,3
"748",200197,19,1,1,2,1,2,2,1,1,1,1,2,8
"749",200208,53,2,2,4,2,1,1,2,1,2,NA,1,3
"750",200209,53,1,2,6,1,NA,NA,NA,1,1,NA,NA,2
"751",200215,21,1,1,2,1,2,2,2,1,1,1,2,4
"752",200221,66,1,1,6,1,2,2,NA,1,1,8,NA,2
"753",200222,65,1,1,4,1,2,1,2,2,1,2,NA,4
"754",200224,49,1,1,7,1,NA,NA,2,1,1,2,2,2
"755",200227,68,1,2,99,1,2,2,2,2,1,NA,NA,2
"756",200229,54,2,1,6,2,1,1,2,2,1,2,NA,3
"757",200230,45,5,2,7,2,1,2,2,2,1,1,NA,8
"758",200236,19,1,1,98,1,NA,NA,NA,1,1,2,NA,2
"759",200237,70,1,2,99,2,NA,NA,2,2,8,NA,2,4
"760",200238,65,1,2,8,1,NA,NA,2,2,1,NA,NA,2
"761",200239,59,1,2,8,1,2,2,2,1,2,2,NA,2
"762",200243,57,1,1,99,1,2,2,NA,2,8,NA,NA,3
"763",200250,22,1,2,1,2,1,2,2,1,2,NA,2,3
"764",200261,66,1,2,4,2,NA,NA,NA,2,8,NA,NA,4
"765",200262,99,1,2,6,1,2,2,2,2,1,1,2,3
"766",200265,77,1,2,4,1,2,2,2,2,8,NA,NA,2
"767",200266,31,1,2,8,1,NA,NA,2,1,1,NA,2,1
"768",200267,37,1,2,2,2,2,1,1,1,1,1,2,5
"769",200268,22,3,1,5,1,NA,NA,2,1,1,2,2,5
"770",200269,35,2,1,4,1,1,1,2,1,2,1,NA,2
"771",200271,28,2,1,3,1,1,1,2,2,1,1,2,2
"772",200274,52,1,2,7,1,NA,NA,2,2,2,2,2,4
"773",200277,24,1,1,6,2,1,1,1,1,1,2,NA,1
"774",200278,32,2,2,2,2,1,2,2,1,2,NA,2,2
"775",200281,65,1,2,4,1,NA,NA,NA,1,2,NA,2,8
"776",200283,65,1,1,2,2,NA,NA,NA,2,1,NA,NA,4
"777",200284,25,1,1,2,2,2,2,2,2,1,2,2,3
"778",200286,30,1,1,8,1,1,1,2,2,1,1,2,2
"779",200289,35,1,1,8,2,NA,NA,2,2,1,1,2,5
"780",200300,28,1,2,3,1,NA,NA,2,1,1,1,2,8
"781",200301,51,4,2,5,2,NA,NA,1,1,1,NA,NA,4
"782",200307,18,1,2,8,8,1,1,2,1,1,1,2,3
"783",200308,47,2,1,7,2,NA,NA,2,1,2,NA,NA,5
"784",200313,53,6,1,8,2,1,1,1,2,1,1,NA,1
"785",200317,76,1,2,98,1,NA,NA,NA,2,1,NA,NA,3
"786",200318,28,1,1,8,2,1,2,2,1,2,1,1,1
"787",200319,40,2,1,2,2,1,2,2,1,1,2,2,2
"788",200324,33,4,1,5,1,NA,NA,2,2,2,2,2,3
"789",200331,61,1,2,3,1,NA,NA,2,1,1,1,2,4
"790",200332,58,6,1,9,1,NA,NA,NA,2,8,1,NA,5
"791",200336,27,1,1,7,1,2,1,2,1,1,1,2,2
"792",200337,70,1,1,2,1,NA,NA,2,2,1,NA,2,4
"793",200340,67,1,1,5,1,NA,NA,NA,2,1,NA,NA,2
"794",200343,28,2,1,7,2,1,1,1,2,2,1,8,3
"795",200350,64,1,1,3,1,2,1,2,1,1,NA,NA,4
"796",200351,29,1,1,6,1,NA,NA,2,1,1,1,2,4
"797",200352,55,1,2,2,1,NA,NA,NA,1,1,NA,2,2
"798",200355,19,1,1,7,1,1,1,2,1,1,1,2,4
"799",200357,32,6,1,8,2,NA,NA,2,1,2,2,2,3
"800",200363,56,2,2,7,1,2,2,2,1,1,NA,2,3
"801",200365,47,9,1,7,1,1,1,2,1,1,2,2,3
"802",200373,60,6,1,6,1,NA,NA,NA,2,2,2,2,2
"803",200376,23,2,2,1,1,1,2,1,1,1,NA,2,4
"804",200378,68,1,1,6,1,NA,NA,NA,2,8,1,NA,2
"805",200382,40,1,2,8,1,2,1,2,1,1,1,2,3
"806",200385,58,2,2,4,1,NA,NA,2,1,2,NA,2,3
"807",200389,63,1,2,99,2,NA,NA,2,1,2,1,2,4
"808",200394,43,3,1,8,1,1,1,1,1,1,1,2,5
"809",200395,42,1,1,6,1,1,2,1,1,2,2,2,2
"810",200399,24,2,1,3,2,NA,NA,1,1,2,NA,2,3
"811",200403,19,1,1,1,1,NA,NA,NA,1,2,NA,2,3
"812",200409,20,1,2,9,1,NA,NA,2,1,1,1,2,3
"813",200410,73,1,1,6,1,NA,NA,NA,2,2,NA,2,4
"814",200413,21,6,1,98,1,1,1,2,2,1,NA,2,3
"815",200429,32,1,1,99,1,NA,NA,2,2,1,2,2,4
"816",200432,35,1,2,1,1,2,2,NA,2,2,NA,2,2
"817",200434,34,1,2,1,1,1,2,2,2,2,2,NA,2
"818",200437,68,1,2,1,1,2,2,2,2,2,NA,2,3
"819",200440,62,1,1,99,1,2,1,NA,2,1,1,2,2
"820",200443,29,1,2,2,1,2,2,NA,1,2,1,2,1
"821",200445,48,2,1,5,1,NA,NA,1,2,2,1,2,9
"822",200447,35,1,1,6,1,NA,NA,2,1,1,1,2,2
"823",200448,66,1,2,6,1,1,2,2,2,8,NA,2,4
"824",200451,73,1,2,99,1,2,2,NA,2,1,NA,NA,3
"825",200452,22,1,1,3,2,1,2,NA,1,2,2,NA,2
"826",200455,64,1,2,7,1,NA,NA,2,1,8,NA,2,4
"827",200458,31,1,1,9,1,NA,NA,2,1,1,2,1,4
"828",200459,30,8,2,98,1,NA,NA,2,2,1,NA,2,8
"829",200463,55,1,1,8,1,1,2,2,1,1,2,NA,3
"830",200478,20,1,1,9,1,1,2,2,1,1,1,2,2
"831",200482,25,6,1,98,1,1,2,NA,2,2,NA,NA,8
"832",200486,66,1,2,5,1,NA,NA,2,2,1,1,2,4
"833",200501,60,1,2,6,1,NA,NA,NA,2,1,NA,2,2
"834",200504,30,1,1,7,1,1,2,2,1,1,2,2,3
"835",200505,68,1,2,1,2,NA,NA,NA,2,1,NA,NA,3
"836",200507,49,2,2,1,1,1,2,NA,1,2,NA,2,2
"837",200509,69,1,1,3,2,2,2,NA,1,2,NA,NA,2
"838",200510,57,1,1,4,2,2,2,2,2,1,1,NA,4
"839",200519,70,1,2,4,1,NA,NA,NA,2,1,2,2,3
"840",200521,38,2,2,1,2,NA,NA,2,1,1,1,1,3
"841",200525,37,3,2,6,2,1,1,2,1,2,1,1,5
"842",200532,20,3,1,2,1,2,2,2,1,2,NA,2,3
"843",200539,72,1,1,5,1,2,2,NA,2,1,NA,2,1
"844",200545,68,4,1,8,1,2,2,NA,2,1,NA,NA,3
"845",200547,26,2,1,2,1,NA,NA,2,1,2,NA,1,3
"846",200551,27,6,1,4,2,1,1,NA,1,1,2,2,2
"847",200555,72,6,2,2,1,NA,NA,NA,2,1,NA,NA,3
"848",200571,50,1,1,99,1,2,2,2,2,8,2,NA,9
"849",200586,66,1,2,99,1,NA,NA,2,1,2,2,2,2
"850",200592,36,1,1,7,1,1,1,2,2,1,1,2,5
"851",200597,71,1,1,6,1,2,2,NA,2,8,NA,2,2
"852",200602,60,1,2,99,1,2,1,2,2,1,NA,2,4
"853",200605,21,2,1,1,1,1,2,1,1,8,NA,2,5
"854",200608,23,1,2,4,2,1,2,1,1,1,1,1,4
"855",200613,26,1,1,5,2,NA,NA,2,1,2,2,1,5
"856",200614,99,9,1,99,2,2,2,NA,2,1,1,NA,2
"857",200622,70,6,2,3,1,1,1,2,1,2,NA,NA,2
"858",200628,57,9,1,1,1,2,2,NA,2,1,1,2,9
"859",200629,47,6,1,2,1,1,1,2,2,1,1,2,1
"860",200630,34,1,1,7,1,1,1,2,2,1,1,2,2
"861",200633,37,1,1,5,1,1,1,2,1,1,1,2,2
"862",200634,30,1,1,5,1,NA,NA,2,1,2,2,2,9
"863",200635,66,1,2,2,1,2,2,NA,2,8,NA,2,2
"864",200638,22,1,2,1,2,2,2,2,2,1,NA,2,4
"865",200644,22,1,2,9,2,2,2,2,1,1,NA,2,4
"866",200649,52,1,1,7,2,NA,NA,2,2,1,1,NA,3
"867",200656,26,1,2,6,1,1,1,2,2,1,2,2,4
"868",200659,57,1,1,9,1,NA,NA,1,2,2,1,2,2
"869",200664,64,2,1,2,1,NA,NA,2,2,1,NA,NA,8
"870",200665,50,1,1,1,1,NA,NA,NA,2,2,1,NA,4
"871",200666,52,2,2,1,2,NA,NA,NA,2,2,NA,NA,5
"872",200671,46,1,1,6,1,NA,NA,2,1,2,1,2,3
"873",200674,26,1,1,2,2,1,2,2,1,1,1,2,2
"874",200677,60,1,1,98,1,NA,NA,2,1,1,1,2,4
"875",200701,60,1,2,2,1,2,2,NA,2,2,1,2,3
"876",200702,53,1,1,99,1,NA,NA,2,2,1,1,2,3
"877",200704,64,1,1,9,1,NA,NA,2,2,8,NA,NA,4
"878",200705,42,1,1,3,1,NA,NA,NA,2,2,1,2,3
"879",200710,54,1,2,7,1,2,2,2,2,2,2,2,3
"880",200712,53,2,2,7,1,NA,NA,2,1,1,1,2,4
"881",200714,99,2,2,6,1,1,1,2,2,1,NA,2,4
"882",200721,59,1,2,99,1,NA,NA,2,2,8,NA,2,5
"883",200723,38,2,1,2,1,1,2,2,2,2,2,1,2
"884",200725,47,1,2,8,1,2,2,NA,2,1,2,NA,4
"885",200726,34,1,1,6,2,1,1,2,1,1,2,2,3
"886",200727,38,1,1,6,2,NA,NA,1,2,1,1,2,3
"887",200730,29,1,1,4,1,NA,NA,2,1,2,1,2,2
"888",200733,42,2,2,6,1,NA,NA,2,1,1,2,1,3
"889",200747,62,1,1,5,1,2,2,NA,2,2,2,NA,4
"890",200748,57,9,1,9,2,2,2,NA,1,1,1,NA,2
"891",200751,54,1,2,6,1,2,1,2,1,1,2,2,2
"892",200757,31,1,2,4,1,NA,NA,2,2,1,1,1,8
"893",200767,61,1,2,99,1,NA,NA,2,1,2,NA,2,1
"894",200768,60,1,1,3,1,NA,NA,2,1,8,1,2,2
"895",200770,30,1,1,4,2,1,1,2,1,1,1,1,4
"896",200775,34,1,2,7,2,NA,NA,2,2,1,1,2,4
"897",200780,67,1,2,2,2,NA,NA,NA,2,1,NA,NA,2
"898",200784,60,1,1,9,1,2,1,2,1,2,1,NA,2
"899",200790,61,1,1,98,1,NA,NA,NA,2,2,1,NA,2
"900",200795,47,1,1,5,1,NA,NA,NA,1,2,1,NA,4
"901",200797,47,1,2,3,1,NA,NA,2,1,2,1,NA,2
"902",200799,42,2,1,8,1,NA,NA,2,2,1,2,2,3
"903",200803,18,6,1,5,1,NA,NA,NA,2,1,1,NA,3
"904",200805,22,1,1,9,1,1,1,1,1,1,1,2,3
"905",200806,70,1,1,7,1,2,2,2,2,1,NA,NA,2
"906",200811,63,2,2,7,1,2,2,NA,1,1,NA,NA,3
"907",200814,68,1,2,1,1,2,2,NA,2,1,NA,NA,4
"908",200815,49,4,1,1,1,2,1,2,1,2,NA,2,1
"909",200817,58,1,2,1,1,2,2,NA,2,1,1,2,2
"910",200820,28,3,1,5,2,2,1,2,2,1,2,2,4
"911",200821,64,2,1,7,1,NA,NA,2,1,1,1,2,9
"912",200832,48,1,2,3,1,NA,NA,1,1,2,1,2,4
"913",200835,99,2,1,6,1,NA,NA,2,1,2,1,NA,2
"914",200859,32,1,1,7,1,1,1,2,1,1,1,2,3
"915",200860,50,1,1,8,1,NA,NA,1,1,8,2,2,2
"916",200866,53,1,1,4,1,NA,NA,1,1,1,NA,2,3
"917",200869,43,1,2,5,1,1,2,2,1,1,2,2,3
"918",200871,49,2,2,3,1,1,2,1,2,1,NA,2,3
"919",200876,22,1,2,1,1,NA,NA,NA,1,1,1,NA,1
"920",200877,51,1,2,98,1,NA,NA,NA,1,8,1,NA,4
"921",200879,56,1,2,1,1,2,2,NA,1,2,NA,NA,2
"922",200881,36,1,1,9,1,NA,NA,2,2,1,1,2,3
"923",200884,46,1,2,4,2,1,2,2,1,2,1,2,4
"924",200886,71,1,2,8,1,2,2,NA,2,2,NA,NA,2
"925",200896,25,3,2,6,2,1,2,2,1,1,NA,2,3
"926",200899,56,1,2,6,1,1,1,2,2,1,1,NA,4
"927",200907,99,9,1,99,8,2,2,NA,2,9,NA,NA,9
"928",200908,31,4,1,6,1,1,1,2,1,1,1,2,5
"929",200909,30,9,1,99,1,1,1,2,1,1,2,2,3
"930",200916,24,2,1,3,2,NA,NA,1,2,1,1,1,3
"931",200919,47,1,2,5,2,2,2,NA,2,1,1,NA,4
"932",200922,28,1,1,8,1,1,2,2,1,1,1,2,4
"933",200927,20,1,1,6,1,NA,NA,NA,1,1,8,NA,8
"934",200928,48,2,2,1,2,NA,NA,2,1,2,NA,NA,1
"935",200929,62,1,1,6,1,NA,NA,2,2,2,1,NA,1
"936",200934,65,2,1,5,1,NA,NA,2,1,2,NA,2,3
"937",200935,50,1,2,7,1,2,2,NA,2,1,2,NA,3
"938",200939,56,1,1,6,1,NA,NA,NA,1,2,NA,NA,2
"939",200944,57,1,2,6,1,NA,NA,NA,2,1,1,2,4
"940",200949,60,1,2,98,1,1,2,2,2,1,1,2,3
"941",200952,23,3,1,6,2,NA,NA,2,1,1,2,1,4
"942",200954,20,6,1,1,1,NA,NA,2,2,1,2,2,3
"943",200959,50,1,2,99,1,NA,NA,2,2,1,1,2,3
"944",200961,23,6,1,2,1,NA,NA,1,1,1,1,2,3
"945",200962,60,1,2,99,1,2,2,2,1,8,2,2,2
"946",200964,50,2,1,6,1,2,2,2,2,1,1,NA,2
"947",200969,23,1,1,2,1,1,1,1,1,2,1,1,3
"948",200970,21,5,1,6,2,1,1,2,1,2,2,2,4
"949",200978,63,1,2,2,2,2,2,NA,2,1,NA,NA,2
"950",200981,53,1,1,98,1,NA,NA,2,1,1,1,2,3
"951",200985,22,1,2,2,1,NA,NA,2,2,1,1,1,3
"952",200986,58,1,2,3,1,2,2,2,2,2,NA,2,3
"953",200989,45,5,2,9,2,1,2,2,2,2,1,2,2
"954",200992,32,3,2,4,1,1,1,2,1,1,1,1,2
"955",200997,63,2,1,3,1,NA,NA,NA,2,2,NA,NA,2
"956",201000,41,1,1,6,2,1,2,1,2,1,1,NA,3
"957",201003,24,1,1,5,2,NA,NA,2,1,1,1,1,4
"958",201004,57,1,1,9,1,2,1,2,1,1,2,2,3
"959",201005,99,1,1,99,1,2,1,2,2,8,2,2,2
"960",201006,67,1,2,8,1,NA,NA,2,1,2,NA,2,2
"961",201016,37,1,2,4,2,NA,NA,2,1,1,1,NA,5
"962",201019,20,3,1,9,1,1,1,2,1,1,NA,2,4
"963",201025,38,1,2,1,1,2,2,2,1,2,1,2,4
"964",201028,41,4,2,7,1,2,2,2,2,1,NA,2,4
"965",201032,33,1,1,6,2,2,2,2,2,1,2,NA,1
"966",201035,45,1,2,4,1,9,2,2,1,1,9,2,9
"967",201037,26,1,1,98,1,1,1,NA,2,8,NA,2,9
"968",201041,48,1,1,9,1,NA,NA,2,2,1,1,2,4
"969",201042,68,1,1,99,1,2,2,NA,2,2,NA,NA,2
"970",201044,41,1,2,9,2,1,2,2,1,2,2,2,2
"971",201048,54,1,2,1,2,2,2,2,1,2,NA,NA,8
"972",201062,49,1,2,98,1,2,2,1,2,1,2,NA,2
"973",201070,65,1,2,4,1,2,2,NA,1,2,NA,NA,2
"974",201072,31,4,1,7,1,NA,NA,2,1,2,1,1,3
"975",201074,26,4,1,6,2,1,1,2,1,2,2,1,3
"976",201077,69,1,1,9,1,NA,NA,2,2,1,NA,NA,3
"977",201082,22,3,1,98,2,1,2,2,1,1,1,2,3
"978",201083,18,1,2,6,2,1,2,2,2,2,2,2,3
"979",201090,64,1,1,6,2,2,2,1,2,1,2,NA,3
"980",201093,73,1,2,2,1,NA,NA,NA,2,1,NA,NA,2
"981",201100,57,1,2,5,1,NA,NA,2,2,8,1,NA,9
"982",201105,36,6,1,2,2,NA,NA,NA,2,2,2,2,2
"983",201109,27,1,1,4,1,NA,NA,2,1,2,2,2,4
"984",201112,68,1,1,8,1,NA,NA,NA,2,8,NA,NA,3
"985",201116,42,1,1,6,2,NA,NA,2,2,2,NA,NA,4
"986",201118,65,1,2,98,2,NA,NA,2,1,1,NA,2,3
"987",201120,21,4,1,7,1,1,2,1,1,1,NA,2,5
"988",201128,44,5,1,3,1,1,2,2,1,2,NA,1,3
"989",201132,62,1,1,8,1,2,2,2,2,1,2,NA,3
"990",201134,50,2,1,2,1,1,1,NA,1,2,NA,1,2
"991",201143,39,1,2,2,1,NA,NA,2,2,2,NA,2,4
"992",201145,20,1,2,2,2,1,1,1,2,1,1,1,4
"993",201149,47,2,1,1,1,1,1,2,2,2,1,2,3
"994",201151,44,1,1,6,1,NA,NA,2,1,2,2,2,3
"995",201156,57,1,1,3,2,NA,NA,NA,1,2,1,NA,1
"996",201159,49,1,2,6,1,NA,NA,2,1,2,1,2,2
"997",201166,63,1,2,98,1,NA,NA,NA,2,8,NA,NA,2
"998",201170,41,1,2,99,1,2,2,2,1,2,1,2,2
"999",201178,50,1,1,8,1,NA,NA,2,1,2,2,1,1
"1000",201181,45,1,1,8,1,1,1,2,1,1,2,2,1
"1001",201182,32,2,2,98,1,NA,NA,2,2,1,1,2,3
"1002",201183,45,1,1,4,1,NA,NA,2,2,2,2,2,2
"1003",201188,66,1,2,2,2,NA,NA,NA,2,1,NA,NA,2
"1004",201193,33,1,2,3,2,NA,NA,2,2,8,2,2,5
"1005",201195,30,1,1,5,2,1,1,2,1,1,2,NA,1
"1006",201196,38,1,1,2,1,NA,NA,NA,2,2,1,NA,5
"1007",201200,34,2,2,8,1,1,2,2,2,1,1,1,3
"1008",201201,92,1,2,1,2,NA,NA,NA,2,1,NA,NA,8
"1009",201204,55,1,2,6,2,NA,NA,2,2,1,2,2,3
"1010",201206,55,1,1,8,1,NA,NA,2,1,1,1,NA,1
"1011",201207,53,1,1,3,1,1,1,NA,2,1,2,2,3
"1012",201209,48,2,2,7,1,1,1,2,2,1,2,2,3
"1013",201213,58,1,1,3,1,NA,NA,2,2,2,2,NA,2
"1014",201216,43,1,1,5,2,NA,NA,2,1,1,1,2,5
"1015",201238,49,1,2,6,1,1,1,2,2,1,1,2,2
"1016",201240,35,2,1,2,2,NA,NA,2,1,1,NA,NA,3
"1017",201242,67,1,2,7,1,2,1,2,2,2,1,2,4
"1018",201245,33,1,1,8,1,1,1,2,1,1,2,2,3
"1019",201249,60,1,1,2,2,2,2,2,2,8,NA,2,2
"1020",201271,56,1,1,6,1,NA,NA,2,1,1,2,8,1
"1021",201272,30,1,1,6,2,NA,NA,2,1,1,1,2,2
"1022",201273,67,8,1,7,2,NA,NA,2,2,1,NA,2,4
"1023",201279,67,1,1,99,1,NA,NA,NA,1,2,NA,NA,2
"1024",201281,68,2,2,6,1,2,1,2,1,2,NA,2,3
"1025",201283,57,1,2,5,1,NA,NA,NA,2,8,2,2,2
"1026",201296,79,1,2,5,1,2,2,NA,2,8,NA,NA,3
"1027",201297,41,1,2,8,1,1,1,2,2,1,2,2,3
"1028",201316,65,1,1,1,2,2,2,NA,2,2,NA,NA,8
"1029",201319,67,4,1,8,1,NA,NA,2,2,8,2,NA,5
"1030",201321,20,1,1,9,1,1,1,2,1,1,1,2,5
"1031",201326,19,1,2,6,2,1,2,1,2,1,1,2,3
"1032",201335,56,1,2,1,2,2,2,NA,1,1,NA,2,5
"1033",201342,46,1,1,9,1,1,1,2,1,1,2,1,4
"1034",201347,21,1,2,1,1,1,1,2,1,1,NA,2,8
"1035",201368,34,1,2,6,2,NA,NA,2,1,1,1,2,4
"1036",201372,55,1,1,98,1,NA,NA,NA,2,1,NA,NA,2
"1037",201374,34,1,1,8,1,NA,NA,2,1,1,NA,2,5
"1038",201378,37,1,2,6,2,NA,NA,NA,2,1,NA,NA,2
"1039",201381,26,1,1,4,2,NA,NA,2,2,2,1,2,3
"1040",201383,65,1,2,1,2,NA,NA,2,2,1,NA,NA,2
"1041",201386,21,4,2,6,1,1,2,1,1,1,1,2,3
"1042",201394,24,1,1,5,2,1,1,2,1,1,1,1,2
"1043",201396,74,1,2,99,1,1,2,2,2,2,NA,2,4
"1044",201397,57,1,2,2,2,2,2,NA,1,2,1,2,2
"1045",201398,72,3,2,1,2,2,2,2,2,8,NA,NA,3
"1046",201416,47,1,1,9,1,2,1,2,1,1,1,2,2
"1047",201425,24,1,1,6,1,NA,NA,1,1,2,1,1,4
"1048",201435,19,1,1,8,1,NA,NA,2,1,1,1,2,4
"1049",201437,57,1,2,1,2,NA,NA,NA,1,2,NA,NA,8
"1050",201441,44,1,1,3,2,1,2,NA,2,2,2,2,4
"1051",201448,29,1,1,6,2,NA,NA,2,2,1,2,2,2
"1052",201451,34,1,1,8,2,1,1,2,1,1,2,2,3
"1053",201452,23,1,1,4,2,1,1,2,1,1,1,2,3
"1054",201458,26,2,1,3,2,1,1,2,1,1,1,2,3
"1055",201459,68,1,2,99,1,NA,NA,2,1,8,NA,2,2
"1056",201460,56,2,1,98,2,NA,NA,NA,2,1,NA,NA,1
"1057",201461,55,1,2,1,1,NA,NA,2,1,1,NA,1,2
"1058",201468,31,1,2,6,1,NA,NA,1,1,1,1,1,2
"1059",201469,36,1,2,7,1,NA,NA,2,1,1,1,2,3
"1060",201470,83,1,2,2,1,NA,NA,2,1,1,NA,NA,2
"1061",201471,99,1,1,7,1,NA,NA,2,1,1,2,1,5
"1062",201474,54,1,2,9,1,1,1,2,1,1,2,2,3
"1063",201476,45,1,2,2,2,2,2,2,2,1,NA,2,3
"1064",201482,18,2,1,1,2,1,1,2,2,1,1,2,2
"1065",201483,53,1,1,4,1,1,1,2,2,2,1,1,2
"1066",201486,18,2,1,98,1,NA,NA,2,1,2,NA,2,8
"1067",201487,62,1,1,4,1,NA,NA,NA,2,1,1,NA,2
"1068",201488,58,2,1,3,2,1,2,NA,2,2,1,NA,8
"1069",201492,73,6,1,2,2,2,2,NA,2,2,NA,NA,5
"1070",201493,98,1,1,98,2,NA,NA,2,1,1,NA,2,3
"1071",201502,45,1,2,8,1,1,1,2,1,1,2,2,2
"1072",201507,62,1,1,9,1,NA,NA,2,2,1,2,2,2
"1073",201509,43,1,2,9,1,NA,NA,2,2,1,1,2,4
"1074",201511,20,1,2,4,1,1,2,2,1,1,1,2,2
"1075",201512,72,1,2,2,1,2,2,2,2,1,NA,NA,5
"1076",201515,50,6,1,2,2,1,2,NA,2,1,1,2,2
"1077",201516,70,1,1,3,1,2,2,NA,2,8,NA,NA,3
"1078",201519,44,1,1,6,1,NA,NA,2,1,1,2,2,3
"1079",201520,52,1,2,1,1,NA,NA,NA,2,1,1,NA,2
"1080",201521,34,1,1,9,2,1,1,1,1,1,1,2,4
"1081",201524,52,1,2,2,2,NA,NA,2,2,1,1,2,2
"1082",201535,57,4,2,1,2,NA,NA,2,1,1,NA,NA,3
"1083",201540,64,1,1,2,2,2,2,2,2,2,NA,NA,3
"1084",201546,23,2,2,1,1,NA,NA,2,2,1,1,NA,2
"1085",201548,46,1,2,7,1,NA,NA,2,1,2,1,2,3
"1086",201551,60,1,1,2,2,2,2,NA,2,8,NA,NA,3
"1087",201555,54,1,1,1,1,2,2,NA,2,8,NA,2,4
"1088",201557,72,1,2,3,1,2,2,2,1,8,NA,2,2
"1089",201563,38,6,1,2,1,1,1,2,1,2,1,2,5
"1090",201572,31,2,1,99,1,NA,NA,2,1,1,NA,NA,4
"1091",201576,56,1,2,5,1,1,1,NA,1,1,NA,NA,3
"1092",201577,29,2,2,5,2,NA,NA,2,1,1,NA,2,3
"1093",201584,81,1,1,99,1,NA,NA,NA,2,8,NA,NA,3
"1094",201591,51,5,1,7,1,NA,NA,NA,2,1,2,2,2
"1095",201593,26,1,2,1,1,NA,NA,1,2,1,2,2,4
"1096",201597,56,1,2,2,2,NA,NA,NA,1,1,NA,NA,4
"1097",201598,60,2,2,4,1,NA,NA,2,2,2,2,NA,4
"1098",201603,49,1,1,9,1,2,1,2,1,2,1,2,3
"1099",201609,63,1,2,4,1,2,2,NA,2,1,NA,NA,3
"1100",201617,66,1,1,6,1,2,1,2,2,2,NA,NA,2
"1101",201632,61,1,1,1,1,NA,NA,NA,1,1,NA,NA,4
"1102",201639,31,1,1,9,2,1,1,2,2,1,2,2,3
"1103",201642,64,1,1,7,1,NA,NA,2,1,1,NA,2,2
"1104",201652,28,1,1,2,1,1,2,2,1,1,1,NA,5
"1105",201653,20,1,1,6,1,1,1,2,2,1,2,2,3
"1106",201659,30,2,2,1,1,NA,NA,1,1,1,1,2,3
"1107",201664,57,2,1,2,1,2,2,NA,1,1,1,NA,3
"1108",201668,98,1,1,2,1,1,1,NA,2,1,2,NA,8
"1109",201670,43,1,2,2,8,1,2,2,2,1,NA,2,2
"1110",201677,36,1,1,6,1,NA,NA,2,1,1,2,1,3
"1111",201682,29,1,1,7,1,NA,NA,2,1,1,1,2,4
"1112",201684,64,1,1,2,1,NA,NA,NA,2,8,NA,NA,3
"1113",201695,29,1,1,9,2,NA,NA,2,1,1,2,2,3
"1114",201696,47,2,2,1,2,NA,NA,NA,1,2,NA,NA,5
"1115",201699,60,1,1,2,1,2,2,1,1,2,NA,NA,3
"1116",201700,55,1,1,8,1,NA,NA,NA,2,1,1,2,1
"1117",201701,78,1,2,5,1,NA,NA,NA,2,1,NA,NA,3
"1118",201704,51,2,1,6,1,1,1,2,2,1,1,2,3
"1119",201705,29,1,2,6,1,1,1,2,2,1,1,8,3
"1120",201709,54,1,2,98,1,NA,NA,1,1,2,NA,2,5
"1121",201712,36,1,1,5,1,1,1,2,1,1,1,2,4
"1122",201713,50,1,2,9,1,NA,NA,2,1,1,2,2,3
"1123",201714,34,3,2,2,1,1,1,2,1,1,2,1,2
"1124",201718,60,2,2,3,1,2,2,NA,2,1,NA,NA,1
"1125",201722,19,1,1,4,1,NA,NA,1,1,1,1,1,2
"1126",201723,39,1,1,7,1,1,2,2,2,1,1,2,2
"1127",201724,24,1,1,6,2,1,1,1,2,2,1,2,3
"1128",201726,72,1,2,2,1,2,2,NA,1,1,NA,2,2
"1129",201727,19,1,1,2,2,1,1,2,1,1,1,2,2
"1130",201728,70,1,2,99,1,NA,NA,NA,1,2,NA,2,4
"1131",201738,57,1,1,2,1,2,1,1,2,1,1,1,2
"1132",201741,38,1,1,9,2,NA,NA,2,1,1,1,NA,3
"1133",201742,37,1,2,7,1,NA,NA,2,2,1,1,NA,3
"1134",201756,39,1,1,7,2,NA,NA,2,2,1,2,2,5
"1135",201760,40,2,2,98,1,1,2,2,2,1,1,2,3
"1136",201767,23,1,2,4,1,1,2,2,2,1,1,2,3
"1137",201768,37,1,1,8,1,1,1,2,1,1,2,NA,3
"1138",201771,54,1,1,9,1,NA,NA,2,2,1,1,2,3
"1139",201778,21,1,2,1,2,2,2,NA,2,1,1,NA,3
"1140",201783,48,1,2,5,1,NA,NA,2,2,1,1,NA,4
"1141",201786,24,1,2,2,2,NA,NA,NA,2,1,NA,2,2
"1142",201789,20,1,2,1,1,NA,NA,1,2,2,1,2,5
"1143",201792,40,8,2,4,1,1,2,2,1,1,1,2,8
"1144",201793,30,1,2,98,2,NA,NA,2,1,1,NA,2,8
"1145",201797,24,4,2,8,1,1,2,1,1,2,1,2,4
"1146",201801,61,2,2,2,1,1,2,2,2,8,1,NA,3
"1147",201805,62,9,2,99,1,1,2,2,2,1,1,NA,3
"1148",201817,49,2,1,2,2,1,2,2,1,1,NA,NA,2
"1149",201819,22,1,2,1,2,NA,NA,2,2,1,NA,2,4
"1150",201823,42,1,1,4,1,NA,NA,1,2,1,1,2,3
"1151",201827,26,1,1,4,1,NA,NA,2,1,1,1,2,8
"1152",201828,52,1,1,7,1,2,2,2,2,2,NA,NA,3
"1153",201831,45,6,2,1,1,NA,NA,NA,2,1,1,NA,4
"1154",201836,35,1,2,1,1,NA,NA,NA,2,2,NA,2,8
"1155",201843,19,2,2,5,1,NA,NA,NA,1,1,1,1,2
"1156",201848,61,1,1,9,1,1,1,2,2,1,2,1,4
"1157",201850,43,1,1,99,1,1,1,2,1,2,2,2,2
"1158",201856,56,1,1,5,1,2,2,2,2,1,2,2,4
"1159",201857,41,2,2,4,1,1,1,1,1,1,2,1,4
"1160",201868,62,1,1,6,2,NA,NA,2,2,1,1,2,3
"1161",201870,69,1,1,99,1,2,2,2,2,2,NA,2,2
"1162",201878,20,1,1,4,2,1,1,1,1,1,1,2,3
"1163",201881,34,1,1,8,1,1,1,2,2,1,2,2,3
"1164",201883,29,1,2,8,1,1,1,2,2,1,2,2,2
"1165",201892,36,1,2,2,1,1,1,2,1,1,1,2,3
"1166",201897,41,1,1,4,2,1,1,2,2,1,1,NA,9
"1167",201908,43,1,2,9,1,1,2,2,1,2,1,2,4
"1168",201914,48,1,2,8,1,NA,NA,2,1,1,2,2,3
"1169",201919,36,1,1,5,1,NA,NA,1,2,2,1,2,2
"1170",201920,57,1,2,1,1,NA,NA,NA,1,2,NA,2,3
"1171",201921,23,6,1,1,1,2,2,NA,1,1,1,2,4
"1172",201928,32,1,1,2,1,NA,NA,2,1,1,1,2,2
"1173",201930,56,2,2,7,1,NA,NA,2,1,8,2,2,3
"1174",201933,66,2,1,9,1,1,2,2,1,1,2,1,2
"1175",201934,47,1,1,8,1,NA,NA,2,2,1,2,1,3
"1176",201936,53,1,1,8,1,1,1,2,2,1,2,2,3
"1177",201940,67,1,1,99,1,1,1,2,2,1,2,2,2
"1178",201942,70,1,1,4,2,2,2,NA,2,2,NA,NA,4
"1179",201947,40,4,1,7,1,1,1,2,1,1,2,2,3
"1180",201955,52,1,2,5,2,1,2,2,1,2,8,1,2
"1181",201957,64,1,2,2,2,2,2,NA,2,1,NA,NA,5
"1182",201967,41,1,1,9,1,NA,NA,2,1,2,1,2,9
"1183",201970,45,4,2,98,1,1,2,2,1,1,1,2,2
"1184",201982,22,1,1,99,1,NA,NA,2,2,1,2,2,4
"1185",201983,62,1,1,9,1,2,2,NA,1,8,NA,2,2
"1186",201985,34,1,1,8,1,1,1,2,2,1,2,2,2
"1187",201987,59,1,1,9,1,2,2,2,2,2,1,NA,2
"1188",201988,43,1,2,5,2,NA,NA,2,1,1,NA,2,2
"1189",201989,38,4,1,4,2,2,2,NA,2,1,1,2,1
"1190",201992,45,1,1,8,2,NA,NA,2,1,2,2,1,3
"1191",201994,79,1,2,98,1,NA,NA,2,2,8,NA,NA,8
"1192",202001,27,1,2,3,1,1,1,NA,1,1,1,2,5
"1193",202010,39,1,2,4,2,2,2,2,1,2,1,2,8
"1194",202013,78,1,2,3,1,NA,NA,NA,1,2,NA,NA,1
"1195",202016,45,1,1,9,1,1,1,2,2,1,1,1,4
"1196",202018,41,2,2,9,1,NA,NA,2,2,2,2,2,5
"1197",202022,44,1,1,8,1,NA,NA,1,1,2,2,1,2
"1198",202025,18,1,1,7,1,NA,NA,2,1,2,NA,2,4
"1199",202031,47,1,1,9,1,NA,NA,2,2,1,2,2,2
"1200",202034,31,1,1,3,1,1,2,2,1,2,1,2,5
"1201",202041,21,1,1,7,1,1,2,1,1,1,NA,NA,8
"1202",202044,70,1,1,8,1,2,2,2,1,1,2,2,1
"1203",202047,42,2,1,4,1,1,1,2,1,1,1,2,3
"1204",202053,59,2,2,9,1,NA,NA,1,1,1,NA,2,3
"1205",202054,25,1,2,3,2,NA,NA,2,2,2,2,2,3
"1206",202057,72,1,2,99,1,NA,NA,NA,1,2,NA,2,4
"1207",202060,49,3,2,4,1,1,1,NA,1,1,1,1,4
"1208",202066,62,1,2,6,2,NA,NA,2,1,2,2,2,3
"1209",202069,26,2,2,1,1,NA,NA,2,1,1,1,NA,2
"1210",202070,39,1,2,7,1,NA,NA,2,1,1,NA,2,3
"1211",202071,60,1,1,8,1,2,1,1,2,2,1,2,2
"1212",202072,47,1,2,9,1,2,1,2,2,1,NA,2,2
"1213",202073,58,1,2,4,2,NA,NA,NA,2,1,2,2,3
"1214",202077,55,6,2,4,1,NA,NA,2,2,2,1,2,1
"1215",202080,40,6,1,3,2,NA,NA,2,2,1,1,2,8
"1216",202085,56,1,2,7,1,NA,NA,NA,2,1,1,2,1
"1217",202097,40,1,1,5,1,NA,NA,2,2,2,NA,NA,4
"1218",202110,57,1,1,9,1,2,1,2,2,1,2,2,3
"1219",202115,60,1,1,7,2,2,2,2,2,1,NA,NA,4
"1220",202117,59,2,1,3,2,NA,NA,NA,2,2,1,NA,3
"1221",202126,61,1,1,1,1,NA,NA,NA,2,8,NA,NA,4
"1222",202128,35,1,1,6,1,NA,NA,2,2,2,1,2,4
"1223",202133,49,1,1,8,1,1,1,2,2,8,1,2,2
"1224",202138,63,1,1,2,1,1,2,1,2,1,NA,NA,1
"1225",202139,45,4,2,8,1,1,1,2,2,1,2,2,3
"1226",202143,24,1,1,6,1,NA,NA,2,1,1,NA,2,2
"1227",202147,65,2,2,5,1,NA,NA,2,2,1,1,2,3
"1228",202152,48,2,2,1,2,NA,NA,NA,2,2,NA,NA,3
"1229",202156,76,1,1,5,1,2,2,NA,2,8,NA,NA,3
"1230",202162,86,1,2,99,1,NA,NA,NA,2,1,NA,NA,5
"1231",202167,28,2,1,5,1,1,1,2,1,2,1,2,5
"1232",202169,65,1,1,99,2,NA,NA,NA,2,1,NA,NA,3
"1233",202171,25,1,2,2,1,1,2,2,1,1,1,NA,2
"1234",202176,45,1,1,6,1,1,2,2,2,1,1,2,2
"1235",202177,57,1,1,9,1,1,1,2,1,1,NA,2,3
"1236",202184,60,1,1,7,1,NA,NA,2,2,8,1,NA,2
"1237",202190,32,3,1,7,2,1,2,2,1,1,1,8,8
"1238",202192,19,1,2,1,1,1,2,2,1,1,1,2,1
"1239",202201,32,1,2,8,1,NA,NA,2,2,2,1,1,3
"1240",202202,80,1,2,7,1,NA,NA,NA,2,1,NA,NA,2
"1241",202208,29,2,1,2,1,2,1,NA,1,1,2,NA,8
"1242",202211,99,9,1,9,2,NA,NA,NA,1,1,NA,NA,9
"1243",202223,20,2,2,99,2,NA,NA,2,1,2,NA,2,4
"1244",202225,26,1,1,6,1,1,1,2,1,1,1,2,3
"1245",202233,40,1,1,2,1,NA,NA,1,1,1,1,NA,4
"1246",202235,52,1,2,8,1,1,1,2,1,1,1,2,3
"1247",202242,32,1,1,3,1,NA,NA,2,1,2,2,8,3
"1248",202251,81,1,1,3,1,2,2,NA,2,8,NA,NA,1
"1249",202253,55,1,1,99,1,NA,NA,NA,1,1,1,NA,3
"1250",202254,28,1,1,2,1,NA,NA,1,1,1,NA,2,3
"1251",202255,33,1,1,3,1,NA,NA,1,1,1,1,2,8
"1252",202268,65,1,1,9,1,1,1,2,2,1,2,NA,3
"1253",202273,20,1,2,7,1,NA,NA,1,1,1,1,2,5
"1254",202275,68,1,1,9,1,NA,NA,2,2,1,NA,NA,2
"1255",202284,68,3,2,9,1,NA,NA,2,2,2,NA,NA,2
"1256",202287,45,1,2,99,2,NA,NA,NA,1,2,NA,NA,8
"1257",202291,75,1,1,1,1,2,2,NA,2,2,NA,NA,4
"1258",202295,47,1,2,99,1,1,2,2,2,1,1,2,1
"1259",202298,50,1,2,3,2,NA,NA,NA,2,1,1,2,3
"1260",202299,99,1,2,99,1,NA,NA,2,2,1,NA,NA,4
"1261",202304,70,1,2,2,1,NA,NA,2,2,1,NA,NA,5
"1262",202305,60,1,1,7,1,2,2,NA,2,2,8,NA,3
"1263",202307,29,1,2,1,2,1,2,NA,1,1,NA,NA,3
"1264",202308,64,1,1,7,1,NA,NA,2,2,1,NA,2,2
"1265",202310,56,1,1,7,1,2,2,NA,2,2,1,NA,2
"1266",202311,53,1,1,9,1,2,2,2,2,1,1,NA,2
"1267",202313,23,1,1,3,2,1,2,1,1,2,2,2,1
"1268",202319,65,1,1,5,2,2,2,NA,2,8,NA,NA,2
"1269",202324,38,1,2,7,1,NA,NA,2,1,1,NA,2,4
"1270",202330,50,1,1,99,2,NA,NA,2,2,1,2,1,5
"1271",202335,57,2,2,8,1,NA,NA,2,1,8,NA,2,5
"1272",202336,25,2,1,3,1,NA,NA,2,1,2,1,1,2
"1273",202340,30,1,1,8,2,NA,NA,2,1,2,2,1,4
"1274",202343,43,2,2,2,1,1,1,1,2,1,NA,2,2
"1275",202344,32,1,2,1,1,1,2,2,1,1,1,2,5
"1276",202346,33,1,1,1,1,2,1,2,2,1,1,NA,3
"1277",202347,25,1,1,2,1,NA,NA,NA,2,1,1,NA,4
"1278",202351,26,2,1,7,1,1,1,2,2,2,1,1,4
"1279",202354,18,2,1,98,1,2,1,2,1,2,NA,2,8
"1280",202355,40,1,1,5,2,1,1,2,1,1,1,2,4
"1281",202357,44,1,2,8,1,NA,NA,1,2,2,2,2,2
"1282",202363,39,1,2,7,1,1,2,2,2,2,1,2,2
"1283",202365,62,1,1,1,1,NA,NA,NA,2,1,NA,NA,4
"1284",202366,62,1,2,7,1,NA,NA,2,1,1,2,NA,3
"1285",202372,80,1,1,7,1,NA,NA,NA,2,1,NA,NA,3
"1286",202383,20,2,1,9,2,NA,NA,2,1,2,2,2,4
"1287",202384,51,1,2,6,1,NA,NA,2,1,2,1,2,1
"1288",202390,26,1,2,4,2,1,2,2,1,1,1,NA,3
"1289",202391,20,3,1,8,2,2,2,NA,2,2,2,NA,8
"1290",202395,34,1,1,9,1,NA,NA,2,1,2,1,2,4
"1291",202398,59,2,1,4,1,NA,NA,2,1,1,1,NA,4
"1292",202419,60,2,1,9,1,NA,NA,2,2,2,2,2,3
"1293",202426,67,1,1,6,1,NA,NA,NA,2,8,NA,2,1
"1294",202429,24,1,2,4,2,2,2,2,1,1,NA,2,1
"1295",202433,45,5,1,8,1,NA,NA,2,2,1,2,2,4
"1296",202436,23,4,1,4,1,NA,NA,2,1,1,1,2,3
"1297",202439,24,4,2,99,2,1,1,2,2,1,1,2,4
"1298",202443,60,1,1,99,1,2,2,NA,2,1,NA,2,4
"1299",202448,45,1,1,8,2,2,2,2,2,2,2,2,3
"1300",202459,66,1,1,5,1,2,1,2,2,2,NA,NA,5
"1301",202468,20,2,1,5,1,NA,NA,2,1,1,1,2,2
"1302",202469,46,1,1,5,1,NA,NA,2,1,1,1,2,2
"1303",202473,43,4,1,99,1,2,2,2,2,1,1,2,1
"1304",202482,72,1,2,99,1,1,1,2,2,1,NA,2,4
"1305",202495,18,1,1,6,2,1,1,2,1,1,NA,2,3
"1306",202498,80,1,1,4,1,NA,NA,2,2,2,NA,NA,2
"1307",202502,44,6,2,1,1,NA,NA,2,1,2,NA,2,3
"1308",202503,29,6,1,2,1,NA,NA,2,1,1,2,2,3
"1309",202504,27,1,2,9,1,NA,NA,2,2,1,1,2,2
"1310",202505,60,2,2,4,1,NA,NA,2,1,1,1,2,3
"1311",202508,61,1,1,6,2,2,2,2,2,8,NA,NA,4
"1312",202513,35,1,1,3,1,1,1,2,2,2,2,2,1
"1313",202520,21,1,2,7,1,1,1,1,2,1,1,2,5
"1314",202521,49,1,2,8,1,NA,NA,2,1,1,NA,2,8
"1315",202525,55,2,2,98,1,2,2,2,2,1,1,NA,5
"1316",202531,65,2,2,1,1,2,2,2,2,8,NA,NA,8
"1317",202539,42,1,2,7,1,NA,NA,2,2,1,2,2,2
"1318",202540,25,1,2,6,1,NA,NA,2,2,1,NA,2,3
"1319",202543,69,1,2,99,1,NA,NA,NA,2,2,NA,NA,2
"1320",202546,61,1,1,1,2,2,2,2,2,1,NA,NA,4
"1321",202551,24,1,1,5,1,1,2,NA,1,1,2,NA,5
"1322",202552,34,1,1,99,1,1,1,2,2,1,1,2,3
"1323",202562,45,2,2,6,1,NA,NA,1,2,1,1,2,3
"1324",202563,53,1,1,6,1,2,1,2,2,1,1,NA,3
"1325",202571,31,2,2,4,1,NA,NA,2,2,2,1,2,3
"1326",202573,65,1,1,8,1,2,2,2,2,2,NA,2,2
"1327",202580,26,1,2,7,1,1,1,2,2,1,1,2,2
"1328",202583,55,1,1,9,1,NA,NA,2,1,1,2,2,3
"1329",202586,33,1,1,6,1,2,2,NA,1,1,2,NA,3
"1330",202591,61,1,2,5,1,2,2,2,1,2,1,2,5
"1331",202594,55,1,2,6,1,NA,NA,NA,1,1,1,NA,3
"1332",202595,47,6,2,1,1,1,2,2,1,1,NA,NA,8
"1333",202596,18,1,2,4,1,NA,NA,1,2,2,1,1,2
"1334",202598,28,3,2,9,2,NA,NA,1,1,1,2,1,4
"1335",202600,63,1,2,9,1,NA,NA,2,1,1,NA,2,3
"1336",202607,26,6,2,2,2,NA,NA,2,1,1,NA,2,5
"1337",202621,63,6,2,98,2,2,2,2,2,2,NA,NA,8
"1338",202628,55,1,1,7,1,1,1,2,1,2,1,NA,3
"1339",202629,74,1,2,9,1,1,2,2,2,1,NA,2,4
"1340",202643,33,4,2,7,2,1,2,2,1,1,2,2,4
"1341",202648,24,1,2,2,1,NA,NA,2,2,1,1,2,3
"1342",202655,65,1,1,9,1,1,1,2,2,1,2,2,2
"1343",202657,47,6,2,3,1,2,2,NA,2,1,NA,NA,3
"1344",202672,58,6,1,6,1,1,1,2,1,1,2,NA,4
"1345",202678,19,1,1,4,1,1,2,2,1,2,1,NA,3
"1346",202681,30,6,1,3,1,1,1,2,1,2,1,2,3
"1347",202682,32,1,2,8,1,2,2,2,1,2,1,NA,3
"1348",202696,99,3,1,9,1,NA,NA,2,2,1,2,1,2
"1349",202697,48,1,2,4,2,1,2,2,1,1,1,2,3
"1350",202698,36,1,1,9,1,1,1,1,1,1,1,2,4
"1351",202700,35,1,2,8,1,NA,NA,2,1,2,NA,8,4
"1352",202709,61,1,1,9,1,NA,NA,2,1,2,2,2,3
"1353",202711,22,6,2,4,2,NA,NA,2,2,1,2,2,3
"1354",202715,30,1,1,7,2,1,2,2,1,1,2,2,2
"1355",202716,50,1,1,8,1,2,1,2,1,2,1,NA,3
"1356",202727,23,6,2,7,1,NA,NA,2,1,1,2,NA,4
"1357",202728,33,1,2,5,2,1,1,2,1,1,2,NA,3
"1358",202729,62,1,1,99,1,2,2,2,2,8,2,NA,5
"1359",202732,20,6,2,2,1,NA,NA,NA,2,1,NA,2,4
"1360",202735,21,1,1,3,2,NA,NA,2,1,1,1,2,3
"1361",202736,65,1,2,8,1,NA,NA,2,1,2,1,2,2
"1362",202743,25,1,1,2,2,1,2,2,1,2,1,NA,4
"1363",202745,93,1,2,3,2,NA,NA,NA,2,8,NA,NA,3
"1364",202750,61,1,2,5,1,NA,NA,NA,1,2,NA,2,2
"1365",202754,39,1,2,5,1,1,2,2,1,2,1,2,3
"1366",202758,29,1,1,3,1,1,1,2,1,2,1,1,4
"1367",202765,33,1,1,99,1,NA,NA,2,2,1,1,2,1
"1368",202775,19,1,1,9,1,NA,NA,1,2,2,2,2,3
"1369",202780,70,1,2,5,2,NA,NA,2,1,2,NA,NA,2
"1370",202782,46,2,2,99,1,NA,NA,NA,1,2,1,2,3
"1371",202783,61,2,1,99,2,NA,NA,NA,1,2,NA,NA,8
"1372",202784,26,1,1,6,2,1,1,1,1,2,1,2,3
"1373",202785,32,1,1,4,2,1,2,2,2,1,1,NA,1
"1374",202786,43,1,1,9,1,1,1,2,1,1,2,1,3
"1375",202792,31,1,1,1,1,2,1,2,1,2,2,1,2
"1376",202793,37,1,1,4,1,NA,NA,2,2,1,1,NA,5
"1377",202796,80,1,2,6,1,2,2,NA,2,1,NA,NA,2
"1378",202799,30,4,2,4,1,NA,NA,2,1,2,2,2,2
"1379",202801,64,2,1,2,1,NA,NA,NA,2,2,NA,NA,3
"1380",202807,61,1,1,2,1,2,2,2,2,2,NA,NA,2
"1381",202820,22,2,1,1,2,1,1,2,1,1,NA,2,2
"1382",202823,59,1,1,6,1,NA,NA,NA,1,1,NA,NA,3
"1383",202824,52,1,1,4,1,1,1,2,1,1,1,2,3
"1384",202828,59,1,1,8,1,2,2,NA,2,1,2,NA,1
"1385",202830,72,1,2,99,1,2,2,2,2,1,NA,2,3
"1386",202835,30,1,2,8,1,NA,NA,2,2,8,1,2,3
"1387",202840,41,1,1,5,2,1,1,2,1,1,NA,2,9
"1388",202846,25,1,1,4,2,NA,NA,NA,2,2,2,2,4
"1389",202850,99,1,2,99,2,NA,NA,2,2,1,NA,2,1
"1390",202852,64,1,2,1,1,2,2,NA,2,2,NA,NA,2
"1391",202856,25,2,1,7,1,NA,NA,2,1,1,1,2,9
"1392",202857,60,1,1,9,1,NA,NA,2,2,2,2,NA,3
"1393",202861,26,1,2,7,1,NA,NA,2,1,1,NA,2,2
"1394",202863,28,1,1,5,2,1,2,1,2,1,2,2,9
"1395",202869,32,3,1,6,2,NA,NA,2,1,1,2,2,2
"1396",202875,72,1,1,99,1,NA,NA,2,2,1,NA,2,1
"1397",202877,68,1,1,98,1,2,2,2,1,1,NA,NA,8
"1398",202878,66,1,2,9,1,NA,NA,2,2,1,1,2,2
"1399",202881,31,1,1,4,1,2,2,2,1,2,1,2,8
"1400",202882,57,1,1,7,2,1,2,NA,1,2,1,2,2
"1401",202891,52,1,1,98,1,NA,NA,NA,2,1,NA,NA,8
"1402",202894,24,1,2,2,1,NA,NA,2,1,1,1,2,3
"1403",202895,23,1,2,8,1,NA,NA,2,2,1,1,1,3
"1404",202901,51,1,1,98,1,2,1,2,1,1,2,NA,2
"1405",202904,62,1,1,1,1,NA,NA,NA,2,1,NA,NA,3
"1406",202907,53,1,2,3,1,2,2,NA,2,1,2,NA,2
"1407",202910,62,1,1,2,2,2,2,NA,2,2,NA,NA,2
"1408",202914,64,1,1,3,1,2,2,2,2,1,2,NA,5
"1409",202919,32,1,2,5,1,2,2,2,2,2,NA,2,2
"1410",202927,40,1,2,6,2,2,2,2,2,2,1,2,2
"1411",202929,23,2,2,7,1,NA,NA,2,2,1,NA,2,3
"1412",202935,36,8,1,7,1,NA,NA,2,1,2,1,1,3
"1413",202941,31,1,2,6,1,1,2,2,2,1,2,2,3
"1414",202944,51,6,2,2,1,2,1,NA,2,8,NA,2,8
"1415",202945,42,1,1,5,2,2,2,2,1,1,1,2,4
"1416",202946,18,1,1,98,1,NA,NA,NA,1,1,1,2,1
"1417",202948,50,9,1,1,1,1,2,NA,1,2,NA,2,3
"1418",202954,18,1,1,6,1,2,2,NA,1,1,1,2,2
"1419",202955,28,1,2,98,1,1,1,2,1,1,1,2,5
"1420",202956,26,1,1,99,2,1,1,2,2,8,NA,2,4
"1421",202961,53,1,1,7,1,NA,NA,2,1,2,1,2,2
"1422",202962,72,1,1,98,2,NA,NA,NA,2,8,NA,2,2
"1423",202966,56,1,2,6,1,2,2,NA,2,1,1,NA,3
"1424",202967,27,1,1,98,1,2,2,2,2,1,1,1,4
"1425",202968,18,1,2,7,1,NA,NA,2,2,1,1,2,2
"1426",202971,36,2,1,1,2,2,2,NA,2,1,2,2,4
"1427",202974,27,1,1,7,2,NA,NA,1,1,1,1,2,3
"1428",202979,69,1,2,8,1,2,2,NA,1,2,NA,2,9
"1429",202980,40,1,1,7,2,2,2,2,1,1,2,2,1
"1430",202984,29,1,2,1,1,1,2,2,2,2,NA,1,5
"1431",202985,98,1,1,98,1,NA,NA,2,1,1,8,2,4
"1432",202988,29,1,1,4,1,2,1,1,1,1,1,2,4
"1433",202991,19,2,2,2,1,NA,NA,2,1,2,NA,NA,2
"1434",202992,71,1,1,99,2,NA,NA,NA,2,9,NA,NA,2
"1435",202994,23,2,2,1,2,NA,NA,2,1,2,NA,2,5
"1436",202995,58,1,1,3,1,NA,NA,NA,1,2,1,2,5
"1437",202997,65,1,2,8,1,NA,NA,2,2,8,NA,2,4
"1438",203004,43,1,1,2,2,2,2,2,1,1,NA,2,2
"1439",203005,72,1,1,99,1,NA,NA,NA,2,8,NA,NA,1
"1440",203007,56,2,2,3,1,2,2,NA,1,1,NA,NA,4
"1441",203008,63,1,2,3,1,NA,NA,2,1,1,NA,NA,3
"1442",203010,31,1,2,5,1,NA,NA,2,1,2,1,2,5
"1443",203019,45,2,1,2,2,NA,NA,NA,2,2,1,NA,5
"1444",203024,50,1,1,1,2,NA,NA,1,1,1,NA,2,3
"1445",203025,52,1,2,9,1,1,1,2,1,2,2,2,3
"1446",203027,37,3,2,7,1,1,2,2,1,2,1,2,3
"1447",203028,27,1,1,3,2,2,2,2,1,1,1,2,2
"1448",203044,66,1,2,3,1,NA,NA,NA,2,8,NA,2,2
"1449",203052,56,5,2,6,2,1,2,2,1,2,2,8,3
"1450",203054,64,1,2,8,1,1,2,2,1,2,NA,1,2
"1451",203061,46,1,2,6,1,NA,NA,1,2,2,2,1,5
"1452",203064,32,1,1,4,2,NA,NA,2,2,1,2,2,2
"1453",203066,44,1,2,4,2,NA,NA,2,1,1,2,2,3
"1454",203071,49,1,2,9,2,NA,NA,1,2,1,2,2,4
"1455",203075,46,1,2,8,1,NA,NA,2,1,2,2,2,2
"1456",203076,24,2,1,6,1,2,1,2,1,1,2,2,2
"1457",203082,39,2,2,9,1,1,1,2,2,2,2,2,3
"1458",203088,37,2,2,3,1,NA,NA,NA,2,2,NA,NA,8
"1459",203090,35,6,1,4,1,1,1,2,2,8,1,NA,4
"1460",203095,38,1,2,98,2,NA,NA,NA,2,1,NA,NA,8
"1461",203104,62,8,1,2,1,NA,NA,2,2,1,1,2,2
"1462",203107,68,1,1,6,1,2,2,NA,2,2,NA,2,2
"1463",203109,62,1,2,3,1,2,2,2,2,1,1,NA,5
"1464",203112,40,2,1,6,1,1,1,2,1,1,1,2,4
"1465",203113,60,1,1,8,1,NA,NA,2,1,1,1,NA,2
"1466",203118,31,2,2,7,1,2,2,2,2,1,1,1,5
"1467",203120,54,1,2,9,1,NA,NA,2,1,2,2,2,2
"1468",203126,23,1,2,1,2,NA,NA,NA,2,2,2,2,5
"1469",203135,56,1,2,7,1,NA,NA,2,2,1,2,2,2
"1470",203140,60,4,2,1,1,1,1,1,1,1,NA,NA,4
"1471",203154,65,1,2,6,2,2,2,1,2,2,NA,2,3
"1472",203158,60,9,2,99,1,NA,NA,2,2,8,1,2,9
"1473",203160,31,1,1,8,2,1,1,2,1,1,1,2,3
"1474",203161,42,1,2,7,2,1,2,2,1,1,1,2,2
"1475",203169,70,1,2,7,1,1,2,NA,2,2,NA,NA,4
"1476",203170,32,3,1,6,1,NA,NA,2,2,1,1,2,3
"1477",203172,39,1,1,99,1,NA,NA,2,1,1,1,NA,4
"1478",203186,54,1,2,4,1,NA,NA,2,2,2,1,NA,2
"1479",203189,44,3,2,8,2,2,2,2,1,1,1,NA,3
"1480",203190,22,3,2,5,2,NA,NA,2,2,1,2,2,2
"1481",203192,62,1,1,6,2,2,2,NA,2,1,1,2,4
"1482",203195,19,1,1,1,2,NA,NA,2,2,2,NA,2,3
"1483",203196,25,1,2,1,2,1,2,2,1,1,1,1,3
"1484",203197,65,1,1,8,1,1,2,2,2,1,2,NA,3
"1485",203206,57,2,1,5,1,1,1,2,1,1,1,2,3
"1486",203210,99,9,2,99,1,1,1,2,2,1,NA,NA,1
"1487",203213,30,1,2,6,2,1,2,2,1,8,NA,2,8
"1488",203214,55,1,2,99,1,1,2,2,2,1,NA,2,3
"1489",203221,26,1,1,2,1,1,1,2,1,1,NA,1,3
"1490",203222,30,2,2,5,1,1,2,2,1,1,1,2,4
"1491",203224,51,2,1,8,1,1,1,2,2,1,2,2,3
"1492",203228,25,4,1,6,1,2,2,1,1,1,NA,2,3
"1493",203236,61,2,1,4,1,NA,NA,2,1,1,NA,2,3
"1494",203240,44,6,1,98,1,NA,NA,2,2,1,1,2,8
"1495",203244,52,1,2,2,1,NA,NA,NA,1,2,NA,NA,3
"1496",203250,51,1,2,8,1,1,1,2,2,1,NA,2,5
"1497",203253,39,2,2,3,2,1,1,2,1,1,1,NA,3
"1498",203256,38,2,2,1,2,NA,NA,2,1,1,NA,2,3
"1499",203257,74,1,1,6,1,1,1,2,1,2,NA,2,5
"1500",203260,55,1,1,1,2,NA,NA,8,8,2,NA,NA,2
"1501",203261,62,1,1,3,2,NA,NA,NA,2,1,NA,NA,2
"1502",203264,23,1,2,7,1,1,2,2,1,2,1,2,3
"1503",203266,32,1,2,3,2,1,2,2,1,2,NA,2,3
"1504",203268,56,1,2,6,1,2,2,2,2,2,1,2,5
"1505",203269,41,1,2,98,1,NA,NA,2,2,1,1,2,1
"1506",203270,50,4,2,99,1,NA,NA,NA,2,1,NA,NA,2
"1507",203275,55,1,2,9,1,1,2,2,2,1,2,2,5
"1508",203278,48,1,1,2,1,1,1,2,1,2,NA,1,4
"1509",203280,29,1,1,9,2,1,1,2,2,1,2,2,2
"1510",203281,58,1,1,6,1,2,2,NA,2,1,1,2,1
"1511",203283,60,2,1,5,1,NA,NA,2,1,2,NA,NA,2
"1512",203288,63,1,2,6,1,1,2,2,2,1,NA,2,3
"1513",203290,34,2,1,7,1,NA,NA,2,2,1,1,2,2
"1514",203291,44,6,2,3,1,1,1,8,2,1,2,2,5
"1515",203296,55,2,1,3,2,NA,NA,2,1,1,NA,NA,2
"1516",203297,63,1,2,99,2,2,2,2,2,2,2,2,3
"1517",203306,28,2,2,1,1,1,1,2,2,1,1,2,8
"1518",203317,99,1,1,99,2,NA,NA,NA,2,1,NA,NA,8
"1519",203319,19,2,2,98,2,NA,NA,1,1,2,NA,2,4
"1520",203322,26,1,1,3,2,2,2,NA,1,1,1,2,3
"1521",203325,48,1,1,9,1,NA,NA,2,1,1,2,NA,2
"1522",203334,18,2,1,98,1,1,1,2,1,1,NA,2,4
"1523",203335,60,6,2,1,2,NA,NA,1,2,2,NA,NA,4
"1524",203336,35,1,1,3,1,NA,NA,2,1,1,1,2,5
"1525",203344,30,2,1,5,1,NA,NA,2,1,2,1,2,2
"1526",203348,52,1,1,8,1,2,2,2,1,2,2,NA,4
"1527",203351,57,1,1,9,1,NA,NA,2,1,1,NA,2,3
"1528",203356,79,2,1,6,1,2,2,NA,2,2,NA,NA,1
"1529",203360,41,6,1,2,1,NA,NA,NA,2,2,NA,2,2
"1530",203369,50,8,2,1,1,NA,NA,1,1,1,NA,1,3
"1531",203370,41,5,1,9,1,NA,NA,2,1,1,1,2,2
"1532",203376,45,1,1,7,2,NA,NA,2,2,1,2,2,5
"1533",203380,28,1,1,6,1,NA,NA,1,1,1,1,1,5
"1534",203390,51,1,2,4,1,2,2,NA,2,2,NA,NA,2
"1535",203392,48,1,1,7,1,NA,NA,2,1,1,2,2,4
"1536",203395,21,3,1,2,2,NA,NA,2,2,2,1,1,3
"1537",203396,31,3,2,8,1,1,1,2,2,1,2,2,3
"1538",203403,24,1,1,3,2,NA,NA,2,1,2,1,2,3
"1539",203410,34,1,2,6,1,NA,NA,1,2,1,1,1,4
"1540",203412,56,1,2,9,1,1,1,2,1,2,NA,1,5
"1541",203414,47,1,2,8,2,1,2,2,1,1,2,2,4
"1542",203420,32,1,1,1,2,NA,NA,2,1,1,2,2,1
"1543",203423,27,1,2,98,1,NA,NA,NA,1,1,1,NA,8
"1544",203425,57,1,1,2,1,NA,NA,2,2,2,NA,NA,2
"1545",203434,48,1,1,7,1,2,1,2,1,1,2,2,4
"1546",203435,85,2,2,1,2,NA,NA,NA,2,2,NA,NA,4
"1547",203438,39,1,1,8,1,1,1,2,1,2,1,2,3
"1548",203440,73,1,1,98,1,2,2,2,2,8,2,NA,3
"1549",203442,51,1,1,7,1,NA,NA,2,2,1,1,NA,2
"1550",203450,60,1,1,6,1,NA,NA,2,2,1,NA,NA,3
"1551",203451,98,1,1,6,2,NA,NA,1,1,1,1,2,2
"1552",203455,30,1,2,4,2,1,2,2,2,1,1,NA,2
"1553",203459,24,2,1,6,1,NA,NA,2,2,1,1,1,3
"1554",203469,44,1,1,6,1,NA,NA,2,1,1,2,2,1
"1555",203471,21,2,2,1,1,NA,NA,2,1,1,NA,2,4
"1556",203472,70,1,1,7,1,NA,NA,2,1,2,NA,NA,4
"1557",203473,42,1,2,98,1,NA,NA,2,1,2,2,1,3
"1558",203474,76,1,1,8,1,2,2,NA,2,8,NA,2,3
"1559",203475,51,1,1,99,1,2,2,NA,2,1,1,NA,2
"1560",203476,69,1,1,9,1,2,2,2,2,1,1,2,1
"1561",203481,40,3,1,9,1,1,1,2,1,9,1,2,3
"1562",203483,60,1,2,4,1,NA,NA,NA,2,1,NA,NA,4
"1563",203485,76,1,2,2,2,2,2,NA,2,2,NA,NA,3
"1564",203489,52,1,2,2,2,2,2,NA,1,1,NA,NA,3
"1565",203498,25,4,2,5,1,1,2,2,2,1,1,2,8
"1566",203508,38,1,2,9,1,1,2,2,1,1,2,2,3
"1567",203515,18,6,1,98,1,2,1,2,1,2,2,NA,3
"1568",203518,46,1,1,2,1,NA,NA,NA,2,1,NA,2,3
"1569",203523,60,1,1,8,1,2,1,2,2,1,NA,NA,2
"1570",203524,40,3,1,9,1,1,1,2,1,1,1,2,3
"1571",203525,99,1,2,4,1,NA,NA,2,1,1,NA,2,2
"1572",203529,66,1,2,7,1,2,2,2,2,1,2,2,2
"1573",203531,53,2,1,8,1,NA,NA,2,2,8,2,2,9
"1574",203543,37,1,1,8,1,1,1,2,1,1,2,1,3
"1575",203553,19,1,2,98,1,1,2,2,1,2,2,2,4
"1576",203560,21,4,1,5,2,NA,NA,2,1,2,2,2,5
"1577",203565,46,2,2,4,1,NA,NA,2,2,2,1,2,4
"1578",203570,34,1,2,5,2,NA,NA,2,2,8,1,2,5
"1579",203576,54,1,1,8,1,1,1,2,1,1,1,2,3
"1580",203579,20,2,2,1,1,1,2,2,2,1,NA,1,4
"1581",203585,34,1,1,3,1,NA,NA,2,1,2,1,2,5
"1582",203590,72,1,2,4,1,2,2,NA,2,2,2,NA,3
"1583",203598,58,4,2,99,2,NA,NA,2,2,9,NA,2,9
"1584",203605,76,1,2,5,1,NA,NA,NA,1,1,NA,NA,5
"1585",203608,50,3,2,6,1,2,1,2,1,2,2,1,5
"1586",203615,83,1,2,1,1,NA,NA,2,2,8,NA,2,1
"1587",203621,44,1,1,8,1,1,1,2,2,1,1,NA,2
"1588",203629,24,6,1,3,1,2,1,2,2,1,1,NA,3
"1589",203631,83,1,1,4,1,2,2,NA,1,1,NA,NA,2
"1590",203634,57,2,1,1,2,2,2,2,2,1,NA,NA,3
"1591",203635,31,1,2,5,2,1,2,2,1,1,1,2,3
"1592",203636,71,1,1,99,1,1,2,2,2,8,NA,NA,3
"1593",203637,62,1,2,5,1,NA,NA,NA,2,1,1,NA,3
"1594",203638,21,1,1,98,1,NA,NA,2,1,1,NA,2,4
"1595",203643,77,1,1,7,1,2,2,1,2,1,NA,NA,2
"1596",203644,28,1,2,7,1,NA,NA,2,1,2,NA,2,9
"1597",203650,36,2,2,2,1,NA,NA,2,1,2,1,2,3
"1598",203653,36,1,1,9,1,NA,NA,1,2,2,2,2,3
"1599",203659,19,6,2,1,1,1,1,2,1,2,NA,2,5
"1600",203666,56,1,2,9,1,1,1,2,2,8,2,2,4
"1601",203669,52,1,1,7,1,1,1,2,1,1,1,1,2
"1602",203670,38,1,2,3,1,2,2,NA,1,1,NA,2,3
"1603",203675,35,1,1,6,2,NA,NA,2,2,1,2,2,2
"1604",203677,65,2,1,1,2,2,2,2,2,1,NA,NA,2
"1605",203678,88,1,2,98,1,NA,NA,NA,2,8,NA,NA,2
"1606",203691,60,1,2,99,1,NA,NA,2,1,1,NA,2,3
"1607",203697,66,1,2,8,1,NA,NA,2,2,2,NA,1,3
"1608",203698,71,1,2,99,1,NA,NA,2,2,1,NA,NA,1
"1609",203702,99,1,2,4,1,2,2,2,2,1,NA,2,2
"1610",203708,35,1,1,6,2,NA,NA,NA,1,1,1,NA,8
"1611",203710,19,6,2,3,2,NA,NA,2,1,1,1,2,1
"1612",203714,67,1,2,4,1,2,2,NA,1,1,NA,NA,2
"1613",203722,44,1,1,8,1,1,1,2,1,1,2,1,4
"1614",203723,35,1,2,6,1,NA,NA,2,1,1,1,2,5
"1615",203724,33,4,1,4,1,NA,NA,2,2,1,1,2,5
"1616",203729,29,1,2,8,1,1,1,2,1,1,1,2,4
"1617",203732,68,8,2,98,1,NA,NA,NA,1,8,NA,2,4
"1618",203737,71,1,1,6,1,2,2,NA,2,8,NA,NA,3
"1619",203743,44,1,1,9,1,1,1,2,2,1,1,2,1
"1620",203744,82,1,1,5,1,2,2,NA,1,1,NA,NA,4
"1621",203746,42,8,1,7,1,1,2,2,1,1,1,2,2
"1622",203753,40,6,2,1,1,NA,NA,2,2,2,1,2,4
"1623",203761,40,2,1,99,1,NA,NA,2,1,1,2,2,4
"1624",203766,49,1,1,7,1,NA,NA,2,1,1,1,NA,4
"1625",203768,99,9,2,9,1,NA,NA,2,1,2,9,9,9
"1626",203769,53,1,1,2,1,1,1,NA,1,2,NA,1,1
"1627",203778,56,1,2,6,1,NA,NA,2,1,8,1,2,3
"1628",203785,24,4,1,98,1,NA,NA,1,1,2,1,2,4
"1629",203786,30,1,2,8,1,1,2,2,1,1,1,2,4
"1630",203804,60,1,2,6,1,2,2,2,1,1,1,2,4
"1631",203818,53,1,2,6,1,2,1,NA,1,1,1,2,3
"1632",203821,46,1,1,8,1,NA,NA,2,2,1,1,2,2
"1633",203823,70,2,1,6,1,NA,NA,NA,2,1,NA,NA,5
"1634",203827,22,1,1,4,2,1,2,2,1,2,2,NA,2
"1635",203828,25,1,1,2,1,2,2,1,1,1,NA,2,3
"1636",203833,50,1,2,3,1,NA,NA,2,2,1,NA,2,3
"1637",203837,43,1,1,9,2,1,2,2,2,1,2,1,3
"1638",203838,19,1,1,9,1,NA,NA,2,1,1,2,2,2
"1639",203844,29,2,2,5,1,1,1,2,1,1,1,NA,5
"1640",203845,58,1,2,9,1,1,1,2,1,1,NA,2,4
"1641",203852,47,2,1,1,2,2,2,NA,2,8,1,NA,2
"1642",203858,73,1,2,5,1,2,2,2,2,1,NA,NA,3
"1643",203859,55,2,1,2,1,2,1,2,2,2,2,NA,2
"1644",203870,68,1,1,99,1,2,2,NA,1,9,NA,2,4
"1645",203873,65,2,1,6,1,1,2,2,1,1,NA,NA,3
"1646",203874,58,1,2,4,1,NA,NA,2,1,2,NA,1,3
"1647",203884,70,1,2,6,1,2,2,2,1,1,NA,2,5
"1648",203899,50,2,1,7,1,1,2,2,1,2,1,1,2
"1649",203902,57,1,2,8,1,NA,NA,NA,2,1,2,NA,4
"1650",203903,67,2,2,2,1,NA,NA,NA,1,2,NA,NA,2
"1651",203910,76,1,2,98,1,2,2,NA,2,8,NA,NA,2
"1652",203921,58,6,1,8,1,NA,NA,2,1,1,1,2,2
"1653",203922,33,1,2,5,2,NA,NA,NA,2,1,NA,2,8
"1654",203927,68,2,1,2,1,NA,NA,NA,1,8,NA,2,2
"1655",203928,68,1,1,2,1,NA,NA,NA,2,1,NA,NA,2
"1656",203934,60,1,2,6,1,NA,NA,2,2,8,NA,NA,2
"1657",203935,72,1,2,7,1,2,2,2,1,8,NA,2,3
"1658",203943,44,2,1,6,1,NA,NA,2,1,2,1,NA,2
"1659",203949,60,1,1,2,2,2,2,2,9,2,NA,NA,8
"1660",203954,32,1,1,9,1,NA,NA,2,2,1,1,2,3
"1661",203957,44,1,1,5,1,NA,NA,2,1,2,1,2,2
"1662",203962,63,1,2,4,1,NA,NA,2,2,1,2,2,3
"1663",203964,18,1,2,1,1,NA,NA,2,2,1,1,2,1
"1664",203970,60,2,1,1,1,1,2,NA,2,2,2,NA,3
"1665",203971,35,1,1,8,1,NA,NA,2,1,2,2,2,3
"1666",203982,22,1,2,8,1,1,1,1,1,1,1,2,8
"1667",203986,59,1,2,6,2,1,2,2,1,2,NA,2,2
"1668",203987,19,3,2,98,1,NA,NA,2,2,1,2,2,5
"1669",203991,35,1,1,8,1,1,1,2,1,1,1,2,3
"1670",203999,51,1,1,9,1,NA,NA,2,2,8,2,2,3
"1671",204006,45,5,1,1,1,1,2,2,2,1,NA,NA,8
"1672",204007,63,1,2,3,1,NA,NA,NA,2,1,1,2,4
"1673",204008,36,3,2,5,1,NA,NA,2,2,1,1,2,3
"1674",204014,53,2,1,3,1,NA,NA,2,1,2,1,NA,2
"1675",204020,43,1,1,1,1,NA,NA,NA,1,2,NA,NA,2
"1676",204031,48,2,1,2,2,NA,NA,NA,2,1,NA,2,2
"1677",204035,28,1,1,4,2,NA,NA,2,1,1,1,2,1
"1678",204036,80,2,2,99,1,NA,NA,NA,2,2,NA,NA,3
"1679",204041,61,2,1,98,2,2,2,NA,2,2,NA,NA,9
"1680",204044,53,1,1,9,1,2,2,2,2,8,1,2,3
"1681",204046,26,1,1,98,1,NA,NA,2,1,1,1,2,2
"1682",204049,45,1,2,8,1,1,2,2,1,2,NA,2,2
"1683",204050,45,4,2,3,1,1,2,NA,1,1,2,2,4
"1684",204054,46,2,1,9,1,1,1,NA,2,1,1,NA,9
"1685",204064,38,2,2,5,1,1,1,1,1,1,2,2,3
"1686",204065,49,6,1,2,1,NA,NA,NA,2,2,2,NA,9
"1687",204066,50,9,2,98,1,NA,NA,1,1,2,1,2,9
"1688",204067,24,1,2,3,1,NA,NA,NA,1,1,1,1,8
"1689",204068,60,1,1,7,1,NA,NA,1,2,8,1,2,1
"1690",204076,51,1,1,6,1,2,2,NA,1,1,1,NA,2
"1691",204089,30,2,1,6,1,NA,NA,2,1,1,1,NA,3
"1692",204093,75,1,1,6,1,NA,NA,2,2,8,NA,2,3
"1693",204096,58,1,1,2,2,2,2,NA,2,1,NA,NA,2
"1694",204098,67,1,1,2,2,2,2,NA,2,2,NA,NA,8
"1695",204100,26,1,2,5,2,NA,NA,2,1,2,2,2,3
"1696",204101,25,1,1,2,1,1,1,NA,1,1,2,2,3
"1697",204103,53,1,1,99,2,NA,NA,NA,2,1,NA,2,4
"1698",204107,67,1,2,6,1,NA,NA,2,2,2,NA,2,1
"1699",204126,66,1,1,5,1,NA,NA,2,1,1,1,2,2
"1700",204130,25,2,1,1,1,NA,NA,NA,2,1,1,2,4
"1701",204132,55,1,1,6,1,2,1,2,2,1,NA,NA,3
"1702",204134,99,1,1,99,1,NA,NA,NA,1,1,NA,NA,9
"1703",204135,40,1,1,9,1,NA,NA,2,1,1,2,2,2
"1704",204137,35,1,1,7,2,1,1,2,2,1,1,2,3
"1705",204140,50,1,2,7,1,2,2,NA,2,1,1,NA,3
"1706",204146,52,1,1,8,1,NA,NA,2,1,2,1,NA,1
"1707",204147,66,1,1,7,1,NA,NA,NA,2,1,NA,NA,3
"1708",204150,67,1,2,2,1,2,2,2,1,2,NA,2,2
"1709",204166,21,1,2,8,1,NA,NA,2,1,1,1,2,2
"1710",204170,39,1,2,7,1,NA,NA,2,2,1,1,2,4
"1711",204173,53,1,1,9,1,NA,NA,2,2,8,2,2,3
"1712",204174,98,8,1,98,1,NA,NA,2,1,8,1,NA,8
"1713",204179,38,6,1,7,1,NA,NA,2,1,2,1,2,5
"1714",204180,20,1,1,8,2,1,2,2,2,1,1,2,3
"1715",204183,34,8,2,2,2,NA,NA,NA,1,1,NA,2,8
"1716",204185,21,1,2,4,1,NA,NA,2,1,2,1,2,5
"1717",204187,48,2,1,7,1,1,1,2,1,1,2,2,2
"1718",204198,52,1,1,1,1,NA,NA,NA,2,1,NA,NA,3
"1719",204200,24,1,1,6,2,NA,NA,2,1,1,1,2,5
"1720",204203,60,2,2,2,1,NA,NA,NA,2,1,NA,NA,3
"1721",204204,21,1,2,8,1,NA,NA,2,1,1,1,2,2
"1722",204205,53,1,2,99,1,NA,NA,2,2,1,1,2,2
"1723",204206,85,1,2,3,1,NA,NA,2,2,8,NA,NA,3
"1724",204208,26,1,1,5,1,1,2,2,1,2,1,1,3
"1725",204209,31,6,2,1,1,1,1,NA,1,2,NA,1,5
"1726",204210,26,3,2,9,2,1,1,2,2,1,NA,1,4
"1727",204215,35,1,1,3,1,1,2,NA,2,1,1,NA,5
"1728",204216,54,1,1,9,1,NA,NA,2,1,1,2,1,3
"1729",204226,26,1,1,3,2,1,1,2,2,1,NA,2,2
"1730",204231,24,6,2,3,1,NA,NA,2,2,1,1,NA,2
"1731",204234,24,1,2,98,2,1,2,2,1,2,NA,2,2
"1732",204236,25,1,1,8,2,NA,NA,1,1,2,2,2,3
"1733",204242,38,1,1,1,2,1,1,1,1,1,NA,2,4
"1734",204244,27,3,1,2,2,2,2,2,2,2,2,2,2
"1735",204247,63,2,2,2,1,NA,NA,NA,2,2,1,2,4
"1736",204261,49,1,2,5,2,NA,NA,2,2,1,2,1,3
"1737",204264,82,1,2,2,1,NA,NA,NA,2,2,NA,NA,2
"1738",204267,59,1,1,8,1,NA,NA,2,1,1,1,NA,1
"1739",204269,99,1,2,3,2,NA,NA,2,2,1,NA,NA,4
"1740",204271,43,6,1,5,1,NA,NA,2,1,1,1,NA,3
"1741",204273,63,1,2,7,1,1,2,2,1,1,NA,1,4
"1742",204279,50,1,1,6,2,NA,NA,2,1,1,1,2,4
"1743",204293,34,1,1,6,1,2,1,2,1,1,1,NA,3
"1744",204298,54,1,2,6,1,2,2,NA,2,1,1,NA,3
"1745",204300,33,1,2,3,1,NA,NA,2,2,1,1,2,3
"1746",204304,72,1,2,99,1,2,2,NA,2,1,NA,NA,4
"1747",204308,23,1,1,5,1,1,1,1,1,2,1,2,8
"1748",204309,50,8,1,3,1,2,2,NA,2,2,1,NA,4
"1749",204311,56,1,1,1,2,NA,NA,NA,2,1,NA,NA,8
"1750",204314,61,1,1,9,1,1,1,2,1,2,1,2,3
"1751",204325,66,1,2,99,1,NA,NA,2,1,2,NA,2,2
"1752",204327,22,1,1,8,1,1,1,1,1,1,1,2,4
"1753",204334,64,1,1,7,1,2,2,2,1,2,1,2,3
"1754",204342,67,1,1,7,1,NA,NA,2,2,1,NA,NA,1
"1755",204344,48,2,2,5,1,1,2,2,1,1,1,NA,3
"1756",204353,20,3,2,9,1,NA,NA,1,2,1,1,2,4
"1757",204354,30,3,2,99,1,NA,NA,2,2,1,NA,2,5
"1758",204368,46,1,2,6,2,NA,NA,NA,1,1,NA,NA,2
"1759",204369,48,1,1,9,1,2,2,2,1,2,2,NA,2
"1760",204372,63,1,2,2,1,2,2,NA,2,2,NA,NA,3
"1761",204375,52,1,1,8,1,2,2,2,2,2,2,NA,2
"1762",204378,46,1,1,7,1,2,1,2,2,8,1,NA,3
"1763",204385,41,1,1,6,1,NA,NA,1,2,1,NA,1,4
"1764",204387,28,1,1,6,1,NA,NA,2,2,2,2,2,5
"1765",204389,55,1,1,98,1,2,1,2,1,1,8,NA,2
"1766",204391,22,1,1,6,1,NA,NA,2,1,1,NA,2,3
"1767",204399,71,1,2,99,1,NA,NA,2,2,8,NA,2,3
"1768",204400,24,1,2,8,1,NA,NA,2,2,1,NA,2,2
"1769",204403,83,1,2,99,1,2,2,NA,2,2,NA,NA,8
"1770",204405,34,1,2,3,2,1,1,2,1,1,NA,2,3
"1771",204413,63,9,2,4,1,2,2,2,2,8,NA,2,9
"1772",204414,36,6,1,2,1,1,1,2,1,1,NA,1,5
"1773",204420,67,1,1,7,1,NA,NA,2,1,1,NA,2,1
"1774",204421,45,6,1,6,2,NA,NA,2,1,1,2,NA,1
"1775",204425,34,2,2,4,2,1,2,1,2,8,1,2,4
"1776",204429,99,1,1,8,1,2,2,NA,2,2,1,NA,4
"1777",204438,24,1,2,98,1,NA,NA,NA,1,1,NA,2,2
"1778",204439,25,1,1,3,2,NA,NA,2,2,1,NA,2,4
"1779",204449,33,1,2,4,2,1,2,2,1,1,2,2,8
"1780",204457,22,6,2,4,1,1,1,2,1,1,NA,2,4
"1781",204468,67,1,2,9,1,NA,NA,2,1,1,NA,2,2
"1782",204471,49,1,1,5,1,2,2,NA,1,1,2,2,3
"1783",204473,26,1,2,6,1,2,2,NA,2,1,2,2,8
"1784",204482,61,1,2,1,1,NA,NA,NA,2,2,NA,NA,4
"1785",204494,47,2,1,8,1,1,1,2,2,8,1,NA,2
"1786",204499,55,1,1,6,1,NA,NA,2,2,1,2,NA,3
"1787",204505,53,1,2,6,1,2,2,2,1,1,NA,1,1
"1788",204508,43,1,1,99,1,NA,NA,2,2,8,1,2,3
"1789",204512,44,9,2,99,1,2,2,2,2,8,1,2,9
"1790",204513,31,1,2,1,2,NA,NA,2,1,1,1,2,2
"1791",204516,48,1,2,7,1,NA,NA,2,2,1,1,2,3
"1792",204517,70,1,2,99,1,NA,NA,2,2,1,NA,2,2
"1793",204520,23,6,1,2,2,1,1,1,1,1,1,1,5
"1794",204531,57,4,2,4,1,NA,NA,2,1,1,NA,2,2
"1795",204533,21,1,1,3,1,NA,NA,2,2,1,1,2,4
"1796",204537,35,2,1,3,1,2,2,NA,2,1,2,NA,5
"1797",204541,40,6,2,2,1,NA,NA,NA,2,1,NA,2,2
"1798",204544,20,1,1,7,1,1,2,2,1,1,NA,2,3
"1799",204545,18,2,1,4,1,NA,NA,2,1,2,1,2,3
"1800",204548,47,1,2,7,1,NA,NA,2,1,1,1,2,4
"1801",204551,37,1,2,7,1,NA,NA,2,1,2,1,2,9
"1802",204556,42,1,1,6,1,1,1,2,1,1,1,2,2
"1803",204560,33,1,1,8,1,NA,NA,2,1,1,1,NA,3
"1804",204563,54,2,1,1,1,NA,NA,2,2,2,NA,NA,2
"1805",204565,52,2,2,3,1,1,2,NA,1,1,NA,NA,9
"1806",204567,25,1,1,6,1,NA,NA,2,1,1,1,2,3
"1807",204569,41,2,1,99,1,NA,NA,2,1,1,NA,NA,3
"1808",204570,80,1,2,3,1,2,2,NA,2,2,NA,2,2
"1809",204571,80,1,1,7,1,2,2,NA,1,2,NA,NA,1
"1810",204572,55,1,2,5,1,2,2,2,1,1,1,2,2
"1811",204573,27,4,1,2,1,1,2,2,2,1,NA,1,1
"1812",204576,64,1,2,5,1,NA,NA,2,2,1,2,NA,1
"1813",204577,30,1,2,6,2,NA,NA,2,2,1,2,2,3
"1814",204586,30,2,1,2,2,NA,NA,2,2,2,1,2,2
"1815",204587,78,1,1,3,1,NA,NA,NA,2,1,NA,NA,9
"1816",204588,25,4,2,3,1,NA,NA,1,1,2,NA,2,3
"1817",204609,72,1,1,9,1,1,1,2,2,1,NA,NA,4
"1818",204610,63,1,1,99,1,1,1,2,2,2,2,2,2
"1819",204611,49,1,1,6,2,2,2,NA,1,1,2,2,2
"1820",204615,50,1,1,9,1,1,2,2,1,1,1,2,3
"1821",204628,51,1,2,6,1,NA,NA,2,2,1,1,2,1
"1822",204632,72,1,1,7,1,1,1,2,2,1,NA,2,4
"1823",204633,70,1,1,7,1,NA,NA,2,2,1,1,NA,3
"1824",204634,44,1,1,3,1,1,1,1,1,1,2,1,2
"1825",204640,59,1,1,2,2,2,2,NA,1,1,1,2,2
"1826",204641,32,1,1,8,2,1,1,2,2,2,2,2,4
"1827",204642,75,1,2,99,1,1,2,2,1,2,NA,2,2
"1828",204644,37,9,2,3,1,NA,NA,1,1,2,1,2,4
"1829",204648,99,1,2,99,1,NA,NA,NA,2,1,1,2,4
"1830",204655,64,4,1,2,1,NA,NA,1,1,1,NA,1,3
"1831",204657,45,1,2,8,1,2,2,2,1,1,1,NA,1
"1832",204658,22,9,1,98,2,2,2,NA,1,2,8,2,8
"1833",204673,63,1,1,99,1,NA,NA,NA,1,1,NA,NA,2
"1834",204676,60,2,2,3,1,NA,NA,NA,1,1,1,NA,1
"1835",204681,49,1,1,6,1,1,1,NA,1,1,1,2,2
"1836",204699,28,1,2,3,2,1,2,2,2,8,NA,2,5
"1837",204707,64,3,1,2,1,1,2,2,2,8,2,NA,2
"1838",204714,26,1,2,3,2,NA,NA,2,2,8,NA,NA,9
"1839",204725,68,1,1,3,1,2,2,2,2,1,NA,NA,2
"1840",204738,23,1,2,4,1,1,1,2,1,2,1,2,8
"1841",204741,55,2,1,2,2,2,2,NA,2,2,1,NA,3
"1842",204745,51,3,1,7,1,1,1,2,1,1,1,1,2
"1843",204746,44,1,2,5,1,NA,NA,2,1,8,NA,NA,4
"1844",204753,42,8,2,3,1,1,2,NA,1,1,1,1,5
"1845",204761,56,2,2,8,1,NA,NA,2,1,1,1,NA,4
"1846",204765,65,1,1,99,2,2,2,NA,2,1,NA,2,4
"1847",204771,35,2,2,4,2,2,2,2,1,1,2,2,5
"1848",204773,23,3,2,1,1,NA,NA,2,2,2,2,2,4
"1849",204776,40,4,1,99,1,NA,NA,2,1,1,1,2,3
"1850",204777,99,9,2,99,1,2,2,2,2,8,2,NA,4
"1851",204778,45,1,2,8,1,1,2,2,2,1,2,NA,5
"1852",204781,35,1,2,6,2,NA,NA,2,2,1,2,2,4
"1853",204787,31,1,1,8,1,NA,NA,2,1,1,8,2,3
"1854",204789,61,1,2,9,1,NA,NA,2,2,1,1,2,4
"1855",204791,25,1,1,5,1,1,2,2,1,2,2,NA,1
"1856",204795,99,9,1,99,1,2,2,2,1,8,2,2,9
"1857",204799,70,1,2,3,1,NA,NA,NA,2,2,NA,2,9
"1858",204803,44,1,2,9,1,1,1,2,1,2,2,1,5
"1859",204808,65,1,2,98,8,2,2,NA,2,8,NA,2,2
"1860",204811,57,1,2,5,2,2,2,NA,1,2,NA,1,2
"1861",204818,28,1,1,1,1,NA,NA,2,1,1,NA,2,2
"1862",204822,66,1,2,7,1,1,2,2,1,2,1,2,3
"1863",204823,35,6,1,2,2,NA,NA,2,1,1,1,NA,4
"1864",204832,56,1,1,5,2,NA,NA,NA,2,1,2,2,4
"1865",204843,25,1,1,3,1,1,1,1,1,1,1,2,3
"1866",204846,19,3,1,7,1,NA,NA,2,1,1,NA,NA,3
"1867",204850,25,1,2,2,2,2,2,NA,1,1,NA,2,4
"1868",204853,22,1,1,5,2,1,1,1,1,1,1,2,3
"1869",204861,26,1,1,9,2,NA,NA,1,1,1,NA,2,2
"1870",204862,25,1,1,98,2,NA,NA,2,1,2,1,2,3
"1871",204864,61,1,2,98,1,2,2,NA,1,2,1,2,3
"1872",204867,23,1,1,6,2,NA,NA,2,1,2,2,2,2
"1873",204868,40,1,1,9,1,NA,NA,2,2,8,2,NA,3
"1874",204869,24,1,1,3,1,1,2,1,2,2,2,1,4
"1875",204876,56,3,1,7,1,NA,NA,2,2,1,2,NA,2
"1876",204882,59,1,2,99,1,NA,NA,2,2,1,1,2,4
"1877",204884,57,1,2,6,2,2,2,2,1,9,NA,2,4
"1878",204888,32,1,1,9,1,1,1,2,2,1,2,NA,4
"1879",204889,42,1,1,6,2,NA,NA,2,2,1,2,1,3
"1880",204891,55,1,2,7,1,NA,NA,2,1,2,1,2,4
"1881",204893,20,6,1,1,2,NA,NA,2,2,1,2,2,4
"1882",204895,68,1,1,6,1,NA,NA,2,2,2,NA,NA,3
"1883",204896,22,1,2,2,1,NA,NA,2,1,1,1,2,4
"1884",204903,42,1,1,6,1,NA,NA,2,1,1,1,2,3
"1885",204905,61,1,1,6,1,NA,NA,2,2,1,1,NA,2
"1886",204910,28,1,1,7,2,NA,NA,2,2,1,1,2,4
"1887",204912,20,1,2,5,2,NA,NA,2,1,2,1,2,3
"1888",204914,67,1,1,7,1,2,2,2,1,2,NA,NA,5
"1889",204916,30,1,2,4,1,NA,NA,2,1,1,NA,2,3
"1890",204922,58,5,1,9,1,NA,NA,2,2,1,2,2,3
"1891",204927,26,6,2,1,2,1,2,NA,2,1,NA,2,8
"1892",204929,22,1,2,4,1,NA,NA,2,1,2,1,2,3
"1893",204933,60,1,2,7,1,2,2,2,1,2,1,2,3
"1894",204948,47,1,2,7,1,NA,NA,2,2,1,1,2,3
"1895",204953,55,1,2,6,1,2,2,2,1,2,2,1,3
"1896",204955,56,1,2,7,1,2,2,2,1,1,1,2,2
"1897",204959,54,1,1,1,2,2,2,NA,2,2,NA,NA,5
"1898",204961,34,1,2,6,1,NA,NA,2,2,2,1,2,4
"1899",204963,59,1,2,4,2,NA,NA,2,2,1,1,2,3
"1900",204973,24,1,1,1,1,2,2,NA,1,1,1,1,3
"1901",204977,52,1,2,99,1,NA,NA,2,2,1,2,2,3
"1902",204982,20,1,2,98,1,1,1,2,1,2,1,2,2
"1903",204984,38,1,2,2,1,1,2,2,1,2,NA,2,3
"1904",204985,99,6,1,8,1,NA,NA,2,2,1,2,NA,3
"1905",204998,35,2,2,5,1,1,2,2,1,1,1,2,3
"1906",205012,45,3,2,6,1,1,2,2,2,2,2,NA,4
"1907",205017,55,1,2,99,1,2,1,2,1,1,NA,2,3
"1908",205021,50,9,1,8,1,NA,NA,2,1,1,2,2,3
"1909",205054,67,1,2,8,1,NA,NA,1,1,1,NA,2,2
"1910",205055,28,2,1,3,1,1,1,2,2,1,1,2,3
"1911",205057,57,9,1,7,1,NA,NA,2,2,1,NA,2,3
"1912",205062,28,2,2,6,1,1,2,1,1,1,2,2,3
"1913",205063,58,1,2,8,1,2,1,2,2,2,1,NA,2
"1914",205067,22,1,1,2,1,1,1,2,1,2,NA,NA,5
"1915",205073,84,1,1,2,1,NA,NA,NA,2,8,NA,NA,3
"1916",205090,56,1,1,2,1,NA,NA,2,1,1,1,2,2
"1917",205098,51,1,1,98,2,2,1,2,2,1,1,NA,3
"1918",205103,20,1,2,7,1,NA,NA,2,2,1,1,2,3
"1919",205110,58,1,1,5,1,2,1,2,2,2,NA,NA,3
"1920",205113,67,1,1,6,1,2,2,2,2,1,NA,NA,5
"1921",205114,54,1,1,8,1,1,1,2,1,1,1,2,2
"1922",205115,50,1,2,8,1,1,2,2,2,1,1,2,4
"1923",205118,24,1,1,2,2,NA,NA,2,1,1,1,2,8
"1924",205141,44,2,2,3,1,1,2,2,1,1,1,2,3
"1925",205146,98,1,1,99,1,NA,NA,2,1,9,2,2,9
"1926",205151,26,1,1,1,2,2,2,NA,1,1,1,2,5
"1927",205159,53,1,2,6,1,2,2,2,1,1,1,2,3
"1928",205160,24,1,2,2,2,NA,NA,1,2,1,2,2,3
"1929",205165,73,1,2,2,1,NA,NA,2,1,2,NA,2,3
"1930",205169,64,1,2,5,1,NA,NA,2,2,8,2,2,3
"1931",205171,52,1,2,1,2,NA,NA,NA,2,1,NA,2,3
"1932",205172,49,1,1,7,1,1,1,2,1,1,1,2,2
"1933",205182,70,1,1,3,1,2,2,2,2,1,NA,NA,3
"1934",205186,37,2,2,6,1,NA,NA,2,1,1,2,NA,3
"1935",205190,37,1,2,8,2,NA,NA,2,2,1,NA,1,4
"1936",205192,53,4,1,7,1,NA,NA,2,2,2,1,NA,2
"1937",205195,84,1,1,7,1,NA,NA,NA,2,2,NA,NA,2
"1938",205198,43,1,1,6,1,NA,NA,2,2,2,1,2,4
"1939",205199,81,2,1,1,1,NA,NA,NA,2,2,NA,NA,3
"1940",205202,46,2,2,4,1,NA,NA,2,1,1,1,2,2
"1941",205204,20,2,1,6,1,NA,NA,2,1,1,NA,2,2
"1942",205209,64,1,2,8,1,2,2,2,2,2,1,2,2
"1943",205226,26,1,2,8,2,1,1,2,1,1,2,2,3
"1944",205227,52,1,1,5,1,NA,NA,NA,2,1,1,2,2
"1945",205229,22,1,2,5,1,1,2,2,1,2,1,1,3
"1946",205232,43,1,2,8,1,NA,NA,2,1,1,1,2,3
"1947",205234,30,1,2,5,1,NA,NA,1,2,1,1,2,4
"1948",205235,64,1,1,5,1,NA,NA,2,1,1,NA,NA,2
"1949",205236,56,1,2,99,1,2,2,2,1,1,1,2,9
"1950",205240,50,3,2,7,1,2,2,2,2,1,1,NA,3
"1951",205243,23,1,1,9,1,1,2,2,1,1,2,2,3
"1952",205245,51,1,2,8,1,NA,NA,2,2,2,2,2,4
"1953",205251,56,1,2,1,1,1,2,2,2,8,NA,NA,3
"1954",205254,69,1,2,6,1,NA,NA,2,2,1,NA,2,4
"1955",205255,28,1,1,99,1,1,1,2,2,1,1,2,1
"1956",205263,60,2,1,6,1,NA,NA,NA,2,2,1,NA,8
"1957",205271,22,2,1,1,1,NA,NA,2,1,1,NA,NA,9
"1958",205280,50,1,2,7,1,NA,NA,NA,1,1,2,NA,4
"1959",205287,37,1,2,5,1,NA,NA,2,2,2,NA,2,2
"1960",205317,25,1,1,2,1,NA,NA,1,1,1,1,2,3
"1961",205318,35,1,1,8,1,1,1,2,1,2,2,2,3
"1962",205322,33,2,2,6,1,NA,NA,2,2,1,1,2,3
"1963",205324,26,1,2,1,1,NA,NA,1,1,2,NA,2,3
"1964",205325,53,1,1,4,2,NA,NA,2,2,1,2,2,2
"1965",205326,41,1,2,8,1,2,2,2,2,1,1,2,4
"1966",205327,33,1,1,6,2,NA,NA,2,1,1,1,1,4
"1967",205342,29,1,1,4,2,NA,NA,1,1,1,NA,1,3
"1968",205346,72,2,2,2,2,NA,NA,NA,1,1,NA,NA,8
"1969",205347,55,2,2,7,1,1,1,2,2,1,2,1,1
"1970",205349,28,1,2,4,1,NA,NA,1,1,1,2,2,4
"1971",205353,23,3,1,7,2,2,2,2,1,1,NA,NA,4
"1972",205355,27,1,2,1,2,2,2,NA,1,2,NA,NA,1
"1973",205356,66,1,2,5,2,2,2,NA,2,2,NA,2,3
"1974",205363,23,3,1,4,1,1,1,1,2,1,1,2,4
"1975",205368,79,1,1,4,1,2,2,NA,2,2,NA,NA,3
"1976",205371,29,1,2,5,1,1,2,2,1,2,NA,NA,4
"1977",205381,65,1,2,99,1,NA,NA,2,2,1,1,2,9
"1978",205390,35,2,2,5,1,NA,NA,1,1,1,1,2,4
"1979",205391,26,1,1,1,1,NA,NA,NA,1,1,1,2,3
"1980",205392,60,1,1,9,1,NA,NA,2,2,1,1,2,3
"1981",205396,51,1,2,1,2,1,2,2,1,1,NA,NA,5
"1982",205398,27,2,1,1,1,NA,NA,2,1,1,NA,NA,2
"1983",205401,60,1,2,99,1,2,2,2,2,1,1,2,1
"1984",205410,43,1,1,3,1,2,1,1,2,1,NA,NA,2
"1985",205422,19,1,2,6,2,1,2,2,2,1,1,2,4
"1986",205425,36,1,2,1,2,1,2,2,1,1,1,2,2
"1987",205441,62,1,1,8,1,2,1,2,1,1,2,2,3
"1988",205448,59,1,1,8,1,2,2,2,2,1,2,NA,3
"1989",205459,34,1,2,6,1,NA,NA,2,2,1,NA,2,2
"1990",205460,56,1,1,5,1,NA,NA,2,2,8,1,2,2
"1991",205466,63,4,1,3,1,NA,NA,2,2,2,2,2,8
"1992",205469,50,6,1,3,2,1,1,NA,2,1,1,NA,4
"1993",205479,47,3,2,5,1,1,2,2,2,1,1,2,2
"1994",205481,72,1,1,5,1,2,1,2,2,2,NA,NA,3
"1995",205482,70,1,2,4,1,2,2,NA,2,1,NA,2,5
"1996",205487,35,1,1,1,2,NA,NA,2,1,2,2,2,4
"1997",205494,39,1,2,9,1,1,2,2,2,1,NA,2,2
"1998",205502,77,1,2,3,1,2,2,NA,1,2,NA,2,3
"1999",205505,40,2,2,6,2,NA,NA,2,1,2,2,2,1
"2000",205507,54,1,2,4,1,2,2,NA,2,1,1,2,2
"2001",205508,31,1,2,5,2,1,2,2,2,1,NA,2,2
